-- phpMyAdmin SQL Dump
-- version 4.7.9
-- https://www.phpmyadmin.net/
--
-- Host: 127.0.0.1
-- Generation Time: Jun 04, 2018 at 01:54 PM
-- Server version: 5.7.14
-- PHP Version: 7.2.3

SET SQL_MODE = "NO_AUTO_VALUE_ON_ZERO";
SET AUTOCOMMIT = 0;
START TRANSACTION;
SET time_zone = "+00:00";


/*!40101 SET @OLD_CHARACTER_SET_CLIENT=@@CHARACTER_SET_CLIENT */;
/*!40101 SET @OLD_CHARACTER_SET_RESULTS=@@CHARACTER_SET_RESULTS */;
/*!40101 SET @OLD_COLLATION_CONNECTION=@@COLLATION_CONNECTION */;
/*!40101 SET NAMES utf8mb4 */;

--
-- Database: `vadsoftc_perform`
--

-- --------------------------------------------------------

--
-- Table structure for table `app_admin`
--

CREATE TABLE `app_admin` (
  `ad_id` tinyint(3) NOT NULL,
  `ad_name` varchar(200) NOT NULL,
  `ad_email` varchar(100) NOT NULL,
  `ad_pass` varchar(100) NOT NULL,
  `ad_phone` varchar(15) NOT NULL,
  `ad_last_login` datetime NOT NULL
) ENGINE=InnoDB DEFAULT CHARSET=latin1;

--
-- Dumping data for table `app_admin`
--

INSERT INTO `app_admin` (`ad_id`, `ad_name`, `ad_email`, `ad_pass`, `ad_phone`, `ad_last_login`) VALUES
(2, 'Dimgba Kalu', 'dimgba@vadsoft.com.ng', '$2y$10$b1eKdIJcUsaaSNi3jnAA5uJdNjKMj3I9ubaWqhuDFioEqr8dzdIaS', '07037293965', '2017-02-18 00:00:00'),
(3, 'Samuel Eghieye', 'sam@vadsoft.com.ng', '$2y$10$b1eKdIJcUsaaSNi3jnAA5uJdNjKMj3I9ubaWqhuDFioEqr8dzdIaS', '08033916831', '2017-02-18 00:00:00');

-- --------------------------------------------------------

--
-- Table structure for table `area`
--

CREATE TABLE `area` (
  `area_id` int(5) NOT NULL,
  `area_name` varchar(20) NOT NULL,
  `area_town` smallint(4) NOT NULL,
  `area_state` tinyint(3) NOT NULL
) ENGINE=InnoDB DEFAULT CHARSET=latin1;

--
-- Dumping data for table `area`
--

INSERT INTO `area` (`area_id`, `area_name`, `area_town`, `area_state`) VALUES
(1, 'Apo', 1, 0),
(2, 'Asokoro', 1, 0),
(3, 'Wuse II', 1, 0),
(4, 'Wuse', 1, 0),
(5, 'Gwarinpa', 1, 0),
(6, 'Garki', 1, 0),
(12, 'Maitama', 1, 0),
(13, 'Life-Camp', 1, 0),
(14, 'Jabi', 1, 0),
(15, 'Kubwa', 1, 0),
(16, 'Garki II', 0, 0);

-- --------------------------------------------------------

--
-- Table structure for table `assessment`
--

CREATE TABLE `assessment` (
  `ass_id` int(10) NOT NULL,
  `ass_typ` int(4) NOT NULL,
  `ass_user` int(6) NOT NULL,
  `usr_dept` int(6) NOT NULL,
  `usr_unit` int(7) NOT NULL,
  `ass_param` int(5) NOT NULL,
  `param_type` varchar(10) NOT NULL,
  `std_value` decimal(10,1) NOT NULL,
  `ass_point` decimal(10,1) NOT NULL,
  `ass_param_cat` int(4) NOT NULL,
  `registered_at` datetime NOT NULL,
  `ass_date` date NOT NULL,
  `usr_typ` varchar(10) NOT NULL,
  `ass_typ_status` varchar(15) NOT NULL,
  `session_id` varchar(20) NOT NULL,
  `ass_kpi` int(11) NOT NULL,
  `ass_kpi_routine` varchar(20) NOT NULL,
  `ass_key_id` varchar(10) NOT NULL
) ENGINE=InnoDB DEFAULT CHARSET=latin1;

--
-- Dumping data for table `assessment`
--

INSERT INTO `assessment` (`ass_id`, `ass_typ`, `ass_user`, `usr_dept`, `usr_unit`, `ass_param`, `param_type`, `std_value`, `ass_point`, `ass_param_cat`, `registered_at`, `ass_date`, `usr_typ`, `ass_typ_status`, `session_id`, `ass_kpi`, `ass_kpi_routine`, `ass_key_id`) VALUES
(1, 0, 7, 0, 0, 1, 'input', '58.0', '25.0', 8, '2017-09-06 13:32:59', '2017-09-06', 'staff', '', '', 1, '2017-09-06', '9508'),
(2, 0, 7, 0, 0, 2, 'input', '300000.0', '50000.0', 7, '2017-09-06 13:33:37', '2017-09-06', 'staff', '', '', 1, '2017-09-06', '9508'),
(3, 0, 7, 0, 0, 2, 'input', '97.0', '50.0', 7, '2017-10-05 13:48:53', '2017-10-05', 'staff', '', '', 1, '2017-10-05', '2035'),
(4, 0, 7, 0, 0, 1, 'input', '30.0', '20.0', 8, '2017-10-05 13:50:44', '2017-10-05', 'staff', '', '', 1, '2017-10-05', '2035'),
(5, 0, 7, 0, 0, 1, 'input', '133.0', '46.0', 8, '2017-10-05 13:51:07', '2017-10-05', 'staff', '', '', 1, '2017-10-05', '9513'),
(6, 0, 7, 0, 0, 2, 'input', '2800000.0', '300000.0', 7, '2017-10-05 13:51:47', '2017-10-05', 'staff', '', '', 1, '2017-10-05', '940'),
(7, 0, 7, 0, 0, 1, 'input', '20.0', '20.0', 8, '2017-10-05 13:52:21', '2017-10-05', 'staff', '', '', 1, '2017-10-05', '940'),
(8, 0, 7, 0, 0, 1, 'input', '59.0', '15.0', 8, '2017-10-05 13:53:19', '2017-10-05', 'staff', '', '', 1, '2017-10-05', '7704'),
(9, 0, 7, 0, 0, 2, 'input', '2500000.0', '600000.0', 7, '2017-10-05 13:54:57', '2017-10-05', 'staff', '', '', 1, '2017-10-05', '9513'),
(10, 0, 7, 0, 0, 2, 'input', '10000000.0', '6000000.0', 7, '2017-10-07 13:53:56', '2017-10-07', 'staff', '', '', 1, '2017-10-07', '8379'),
(11, 0, 7, 0, 0, 1, 'input', '18.0', '9.0', 8, '2017-10-07 13:56:20', '2017-10-07', 'staff', '', '', 1, '2017-10-07', '8379'),
(12, 0, 1, 0, 0, 4, 'input', '700000.0', '650000.0', 10, '2017-10-08 08:20:20', '2017-10-08', 'unit', '', '', 1, '2017-10-08', '5477'),
(13, 0, 1, 0, 0, 4, 'input', '7000000.0', '2000000.0', 10, '2017-10-08 08:23:59', '2017-10-08', 'unit', '', '', 1, '2017-10-08', '8394'),
(14, 0, 1, 0, 0, 3, 'input', '1500.0', '558.0', 9, '2017-10-08 08:26:20', '2017-10-08', 'unit', '', '', 1, '2017-10-08', '8394'),
(15, 0, 7, 0, 0, 1, 'input', '18.0', '9.0', 8, '2017-10-08 09:19:26', '2017-10-08', 'staff', '', '', 1, '2017-10-08', '8379'),
(16, 0, 7, 0, 0, 2, 'input', '20000000.0', '15000000.0', 7, '2017-10-18 12:33:06', '2017-10-18', 'staff', '', '', 1, '2017-10-18', '6685'),
(17, 0, 7, 0, 0, 1, 'input', '20.0', '2.0', 8, '2017-10-18 12:33:53', '2017-10-18', 'staff', '', '', 1, '2017-10-18', '6685'),
(18, 0, 7, 0, 0, 11, 'input', '85.0', '28.0', 18, '2017-11-01 09:51:55', '2017-11-01', 'staff', '', '', 5, '2017-11-01', '5621'),
(19, 0, 7, 0, 0, 12, 'input', '800000.0', '300000.0', 17, '2017-11-01 09:57:44', '2017-11-01', 'staff', '', '', 5, '2017-11-01', '5621'),
(20, 0, 7, 0, 0, 1, 'input', '45.0', '15.0', 8, '2017-11-02 14:20:36', '2017-11-02', 'staff', '', '', 1, '2017-11-02', '2784'),
(21, 0, 7, 0, 0, 2, 'input', '16000000.0', '5000000.0', 7, '2017-11-02 14:20:54', '2017-11-02', 'staff', '', '', 1, '2017-11-02', '2784'),
(22, 0, 7, 0, 0, 2, 'input', '16000000.0', '5000000.0', 7, '2017-11-02 14:21:11', '2017-11-02', 'staff', '', '', 1, '2017-11-02', '2784'),
(23, 0, 7, 0, 0, 12, 'input', '400000.0', '200000.0', 17, '2017-11-19 18:32:35', '2017-11-19', 'staff', '', '', 5, '2017-11-19', '3342'),
(24, 0, 7, 0, 0, 11, 'input', '6000.0', '50.0', 18, '2017-11-19 18:35:47', '2017-11-19', 'staff', '', '', 5, '2017-11-19', '3342'),
(25, 0, 7, 0, 0, 1, 'input', '300.0', '270.0', 8, '2017-11-28 19:17:17', '2017-11-28', 'staff', '', '', 1, '2017-11-28', '9815'),
(26, 0, 7, 0, 0, 2, 'input', '10000000.0', '2400000.0', 7, '2017-11-28 19:17:41', '2017-11-28', 'staff', '', '', 1, '2017-11-28', '9815'),
(27, 0, 1, 0, 0, 4, 'input', '300000.0', '150000.0', 10, '2017-11-28 19:31:27', '2017-11-28', 'unit', '', '', 1, '2017-11-28', '6097'),
(28, 0, 1, 0, 0, 3, 'input', '28.0', '25.0', 9, '2017-11-28 19:31:58', '2017-11-28', 'unit', '', '', 1, '2017-11-28', '6097'),
(29, 0, 1, 0, 0, 3, 'input', '68.0', '56.0', 9, '2017-11-29 20:06:16', '2017-11-29', 'unit', '', '', 1, '2017-11-28', '6804'),
(30, 0, 1, 0, 0, 4, 'input', '200000.0', '120000.0', 10, '2017-11-29 20:06:48', '2017-11-29', 'unit', '', '', 1, '2017-11-28', '6804'),
(31, 0, 7, 0, 0, 2, 'input', '1600000.0', '250000.0', 7, '2017-12-05 16:15:00', '2017-12-05', 'staff', '', '', 1, '2017-12-05', '7926'),
(32, 0, 7, 0, 0, 2, 'input', '34.0', '34.0', 7, '2017-12-05 16:15:35', '2017-12-05', 'staff', '', '', 1, '2017-12-05', '7926'),
(33, 0, 7, 0, 0, 1, 'input', '50.0', '30.0', 8, '2017-12-06 13:19:16', '2017-12-06', 'staff', '', '', 1, '2017-12-06', '1543'),
(34, 0, 39, 0, 0, 33, 'input', '10.0', '5.0', 46, '2018-01-19 17:00:41', '2018-01-19', 'staff', '', '', 37, '2018-01-19', '9895'),
(35, 0, 39, 0, 0, 31, 'input', '25.0', '10.0', 40, '2018-01-19 17:01:33', '2018-01-19', 'staff', '', '', 37, '2018-01-19', '9895'),
(36, 0, 39, 0, 0, 36, 'input', '23.0', '15.0', 39, '2018-01-19 17:05:22', '2018-01-19', 'staff', '', '', 36, '2018-01-19', '2533'),
(37, 0, 39, 0, 0, 36, 'input', '23.0', '15.0', 39, '2018-01-19 17:05:22', '2018-01-19', 'staff', '', '', 36, '2018-01-19', '2533'),
(38, 0, 39, 0, 0, 37, 'input', '21.0', '5.0', 45, '2018-01-19 17:07:28', '2018-01-19', 'staff', '', '', 36, '2018-01-19', '2533'),
(39, 0, 39, 0, 0, 40, 'input', '60.0', '40.0', 43, '2018-01-19 17:20:30', '2018-01-19', 'staff', '', '', 28, '2018-01-19', '7624'),
(40, 0, 39, 0, 0, 41, 'input', '40.0', '10.0', 49, '2018-01-19 17:20:57', '2018-01-19', 'staff', '', '', 28, '2018-01-19', '7624'),
(41, 0, 39, 0, 0, 30, 'input', '45.0', '25.0', 47, '2018-01-28 20:11:06', '2018-01-28', 'staff', '', '', 27, '2018-01-19', '5819'),
(42, 0, 39, 0, 0, 29, 'input', '100.0', '30.0', 41, '2018-01-28 20:11:46', '2018-01-28', 'staff', '', '', 27, '2018-01-24', '583'),
(43, 0, 39, 0, 0, 30, 'input', '30.0', '15.0', 47, '2018-01-28 20:12:13', '2018-01-28', 'staff', '', '', 27, '2018-01-24', '583'),
(44, 0, 39, 0, 0, 29, 'input', '70.0', '50.0', 41, '2018-01-28 20:12:41', '2018-01-28', 'staff', '', '', 27, '2018-01-24', '583'),
(45, 0, 39, 0, 0, 30, 'input', '50.0', '30.0', 47, '2018-01-28 20:13:07', '2018-01-28', 'staff', '', '', 27, '2018-01-24', '583'),
(46, 0, 39, 0, 0, 29, 'input', '120.0', '125.0', 41, '2018-01-28 20:13:31', '2018-01-28', 'staff', '', '', 27, '2018-01-24', '583'),
(47, 0, 39, 0, 0, 30, 'input', '125.0', '40.0', 47, '2018-01-28 20:13:52', '2018-01-28', 'staff', '', '', 27, '2018-01-24', '583'),
(48, 0, 39, 0, 0, 29, 'input', '70.0', '60.0', 41, '2018-01-28 20:14:20', '2018-01-28', 'staff', '', '', 27, '2018-01-28', '2023'),
(49, 0, 39, 0, 0, 30, 'input', '60.0', '40.0', 47, '2018-01-28 20:14:41', '2018-01-28', 'staff', '', '', 27, '2018-01-28', '2023'),
(50, 0, 26, 0, 0, 27, 'input', '18.0', '15.0', 37, '2018-02-20 10:01:11', '2018-02-20', 'staff', '', '', 25, '2018-02-20', '4643'),
(51, 0, 26, 0, 0, 27, 'input', '15.0', '15.0', 37, '2018-02-20 10:01:27', '2018-02-20', 'staff', '', '', 25, '2018-02-20', '4643'),
(52, 0, 26, 0, 0, 22, 'input', '15.0', '12.0', 38, '2018-02-20 10:02:08', '2018-02-20', 'staff', '', '', 25, '2018-02-20', '4643'),
(53, 0, 26, 0, 0, 24, 'input', '8000000.0', '1500000.0', 36, '2018-02-20 10:02:41', '2018-02-20', 'staff', '', '', 26, '2018-02-20', '8729'),
(54, 0, 26, 0, 0, 23, 'input', '18.0', '10.0', 35, '2018-02-20 10:03:13', '2018-02-20', 'staff', '', '', 26, '2018-02-20', '8729'),
(55, 0, 26, 0, 0, 19, 'input', '15.0', '12.0', 33, '2018-02-20 10:03:34', '2018-02-20', 'staff', '', '', 24, '2018-02-20', '1918'),
(56, 0, 26, 0, 0, 20, 'input', '8000000.0', '1500000.0', 34, '2018-02-20 10:04:30', '2018-02-20', 'staff', '', '', 24, '2018-02-20', '1918'),
(57, 0, 26, 0, 0, 24, 'input', '10000000.0', '1200000.0', 36, '2018-02-21 09:18:38', '2018-02-21', 'staff', '', '', 26, '2018-02-21', '9361'),
(58, 0, 26, 0, 0, 23, 'input', '15.0', '12.0', 35, '2018-02-21 09:19:32', '2018-02-21', 'staff', '', '', 26, '2018-02-21', '9361'),
(59, 0, 26, 0, 0, 43, 'input', '10.0', '10.0', 52, '2018-02-23 09:24:26', '2018-02-23', 'staff', '', '', 49, '2018-02-23', '2403'),
(60, 0, 26, 0, 0, 42, 'input', '10.0', '10.0', 51, '2018-02-23 09:24:36', '2018-02-23', 'staff', '', '', 49, '2018-02-23', '2403'),
(61, 0, 26, 0, 0, 42, 'input', '22.0', '15.0', 51, '2018-02-23 09:25:55', '2018-02-23', 'staff', '', '', 49, '2018-02-22', '2403'),
(62, 0, 26, 0, 0, 43, 'input', '15.0', '10.0', 52, '2018-02-23 09:27:21', '2018-02-23', 'staff', '', '', 49, '2018-02-22', '2403'),
(63, 0, 26, 0, 0, 20, 'input', '2500000.0', '1400000.0', 34, '2018-02-27 08:11:07', '2018-02-27', 'staff', '', '', 24, '2018-02-23', '7405'),
(64, 0, 26, 0, 0, 24, 'input', '7000000.0', '2000000.0', 36, '2018-02-27 08:11:36', '2018-02-27', 'staff', '', '', 26, '2018-02-23', '7318'),
(65, 0, 26, 0, 0, 23, 'input', '24.0', '10.0', 35, '2018-02-27 08:11:55', '2018-02-27', 'staff', '', '', 26, '2018-02-23', '7318'),
(66, 0, 26, 0, 0, 19, 'input', '20.0', '15.0', 33, '2018-02-27 08:12:16', '2018-02-27', 'staff', '', '', 24, '2018-02-23', '7405'),
(67, 0, 26, 0, 0, 23, 'input', '10.0', '10.0', 35, '2018-02-28 10:08:16', '2018-02-28', 'staff', '', '', 26, '2018-02-28', '9826'),
(68, 0, 26, 0, 0, 24, 'input', '4000000.0', '500000.0', 36, '2018-02-28 10:08:32', '2018-02-28', 'staff', '', '', 26, '2018-02-28', '9826'),
(69, 0, 26, 0, 0, 27, 'input', '10.0', '10.0', 37, '2018-02-28 10:08:47', '2018-02-28', 'staff', '', '', 25, '2018-02-28', '2393'),
(70, 0, 26, 0, 0, 22, 'input', '10.0', '8.0', 38, '2018-02-28 10:09:04', '2018-02-28', 'staff', '', '', 25, '2018-02-28', '2393'),
(71, 0, 26, 0, 0, 46, 'input', '15.0', '10.0', 57, '2018-02-28 10:09:26', '2018-02-28', 'staff', '', '', 51, '2018-02-28', '4705'),
(72, 0, 26, 0, 0, 47, 'input', '3000000.0', '1500000.0', 56, '2018-02-28 10:09:47', '2018-02-28', 'staff', '', '', 51, '2018-02-28', '4705'),
(73, 0, 26, 0, 0, 43, 'input', '15.0', '10.0', 52, '2018-02-28 10:10:04', '2018-02-28', 'staff', '', '', 49, '2018-02-28', '9709'),
(74, 0, 26, 0, 0, 42, 'input', '20.0', '15.0', 51, '2018-02-28 10:10:22', '2018-02-28', 'staff', '', '', 49, '2018-02-28', '9709'),
(75, 0, 26, 0, 0, 42, 'input', '15.0', '13.0', 51, '2018-03-13 16:45:41', '2018-03-13', 'staff', '', '', 49, '2018-03-09', '8001'),
(76, 0, 26, 0, 0, 43, 'input', '15.0', '12.0', 52, '2018-03-13 16:46:20', '2018-03-13', 'staff', '', '', 49, '2018-03-09', '8001'),
(77, 0, 26, 0, 0, 20, 'input', '5000000.0', '1000000.0', 34, '2018-03-13 16:47:07', '2018-03-13', 'staff', '', '', 24, '2018-03-13', '2666'),
(78, 0, 26, 0, 0, 19, 'input', '15.0', '10.0', 33, '2018-03-13 16:47:30', '2018-03-13', 'staff', '', '', 24, '2018-03-13', '2666');

-- --------------------------------------------------------

--
-- Table structure for table `assessment_params`
--

CREATE TABLE `assessment_params` (
  `asp_id` int(8) NOT NULL,
  `asp_name` varchar(100) NOT NULL,
  `asp_slug` varchar(30) NOT NULL,
  `asp_discrip` text NOT NULL,
  `asp_typ` varchar(15) NOT NULL,
  `asp_kpi` int(6) NOT NULL,
  `asp_dept` int(6) NOT NULL,
  `asp_unit` int(11) NOT NULL,
  `asp_staff` int(10) NOT NULL,
  `asp_project` int(11) NOT NULL,
  `asp_uni` int(10) NOT NULL,
  `asp_value` decimal(5,0) NOT NULL,
  `asp_cat` int(7) NOT NULL,
  `asp_astyp` int(10) NOT NULL,
  `asp_typ_level` varchar(10) NOT NULL,
  `registered_at` datetime NOT NULL,
  `org_id` int(11) NOT NULL
) ENGINE=InnoDB DEFAULT CHARSET=latin1;

--
-- Dumping data for table `assessment_params`
--

INSERT INTO `assessment_params` (`asp_id`, `asp_name`, `asp_slug`, `asp_discrip`, `asp_typ`, `asp_kpi`, `asp_dept`, `asp_unit`, `asp_staff`, `asp_project`, `asp_uni`, `asp_value`, `asp_cat`, `asp_astyp`, `asp_typ_level`, `registered_at`, `org_id`) VALUES
(1, 'how many sold', 'how-many-sold', '', 'input', 1, 0, 0, 7, 0, 0, '0', 8, 14, 'staff-ass', '2017-09-03 23:53:11', 0),
(2, 'how much generated', 'how-much-generated', '', 'input', 1, 0, 0, 7, 0, 0, '0', 7, 14, 'staff-ass', '2017-09-03 23:54:14', 0),
(3, 'how many sold', 'how-many-sold', '', 'input', 1, 0, 1, 0, 0, 0, '0', 9, 15, 'punit', '2017-09-03 23:59:53', 0),
(4, 'how much sold', 'how-much-sold', '', 'input', 1, 0, 1, 0, 0, 0, '0', 10, 15, 'punit', '2017-09-04 00:00:57', 0),
(5, 'How many sold', 'how-many-sold', '', 'input', 1, 3, 0, 0, 0, 0, '0', 8, 16, '', '2017-10-08 08:45:07', 0),
(6, 'how much generated', 'how-much-generated', '', 'input', 1, 3, 0, 0, 0, 0, '0', 7, 16, '', '2017-10-08 08:50:23', 0),
(7, 'how many sold', 'how-many-sold', '', 'input', 1, 4, 0, 0, 0, 0, '0', 8, 16, '', '2017-10-08 09:16:05', 0),
(8, 'how much generated', 'how-much-generated', '', 'input', 1, 4, 0, 0, 0, 0, '0', 7, 16, '', '2017-10-08 09:18:09', 0),
(9, 'how many made', 'how-many-made', '', 'input', 3, 0, 0, 14, 0, 0, '0', 13, 14, 'staff-ass', '2017-10-09 12:56:08', 0),
(10, 'how many met quality standards', 'how-many-met-quality-standards', '', 'input', 3, 0, 0, 14, 0, 0, '0', 15, 14, 'staff-ass', '2017-10-09 12:57:47', 0),
(11, 'HOW MANY TYRES DID YOU SELL TODAY', 'how-many-tyres-did-you-sell-to', '', 'input', 5, 0, 0, 7, 0, 0, '0', 18, 14, 'staff-ass', '2017-10-30 21:01:48', 0),
(12, 'HOW MUCH DID YOU GENERATE FROM SALES OF TYRES TODAY', 'how-much-did-you-generate-from', '', 'input', 5, 0, 0, 7, 0, 0, '0', 17, 14, 'staff-ass', '2017-10-30 21:03:12', 0),
(13, 'HOW MANY SOLD', 'how-many-sold', '', 'input', 1, 3, 0, 0, 0, 0, '0', 8, 16, '', '2017-11-29 20:25:27', 0),
(14, 'HOW MUCH GENERATED', 'how-much-generated', '', 'input', 1, 3, 0, 0, 0, 0, '0', 7, 16, '', '2017-11-29 20:27:05', 0),
(15, 'How many income levels were created', 'how-many-income-levels-were-cr', '', 'input', 13, 0, 0, 21, 0, 0, '0', 19, 14, 'staff-ass', '2017-12-13 10:15:51', 0),
(16, 'How many of the incomes were useful', 'how-many-of-the-incomes-were-u', '', 'input', 13, 0, 0, 21, 0, 0, '0', 20, 14, 'staff-ass', '2017-12-13 10:16:41', 0),
(17, 'how many reached', 'how-many-reached', '', 'input', 16, 0, 0, 7, 0, 0, '0', 29, 14, 'staff-ass', '2017-12-26 22:42:27', 0),
(18, 'how many came to church', 'how-many-came-to-church', '', 'input', 16, 0, 0, 7, 0, 0, '0', 30, 14, 'staff-ass', '2017-12-26 22:43:43', 0),
(19, 'how many prospective clients did you visit ', 'how-many-prospective-clients-d', '', 'input', 24, 0, 0, 26, 0, 0, '0', 33, 23, 'staff-ass', '2018-01-14 13:35:58', 0),
(20, 'how much was generated ', 'how-much-was-generated-', '', 'input', 24, 0, 0, 26, 0, 0, '0', 34, 23, 'staff-ass', '2018-01-14 13:38:52', 0),
(21, 'Total number of costumers attended to', 'total-number-of-costumers-atte', '', 'input', 25, 0, 0, 28, 0, 0, '0', 37, 23, 'staff-ass', '2018-01-14 14:12:01', 0),
(22, 'number of correct posting done', 'number-of-correct-posting-done', '', 'input', 25, 0, 0, 26, 0, 0, '0', 38, 23, 'staff-ass', '2018-01-14 14:18:00', 0),
(23, 'how many clients did you visit', 'how-many-clients-did-you-visit', '', 'input', 26, 0, 0, 26, 0, 0, '0', 35, 23, 'staff-ass', '2018-01-16 13:20:27', 0),
(24, 'how much did you recover', 'how-much-did-you-recover', '', 'input', 26, 0, 0, 26, 0, 0, '0', 36, 23, 'staff-ass', '2018-01-16 13:21:21', 0),
(25, 'how many accounts did you open', 'how-many-accounts-did-you-open', '', 'input', 24, 0, 0, 26, 0, 0, '0', 33, 23, 'staff-ass', '2018-01-16 13:22:12', 0),
(26, 'how much did you generate', 'how-much-did-you-generate', '', 'input', 24, 0, 0, 26, 0, 0, '0', 34, 23, 'staff-ass', '2018-01-16 13:22:56', 0),
(27, 'how many clients did you attend to', 'how-many-clients-did-you-atten', '', 'input', 25, 0, 0, 26, 0, 0, '0', 37, 23, 'staff-ass', '2018-01-16 13:23:36', 0),
(28, 'how many successful postings did you have', 'how-many-successful-postings-d', '', 'input', 25, 0, 0, 26, 0, 0, '0', 38, 23, 'staff-ass', '2018-01-16 13:24:59', 0),
(29, 'HOW MANY DID YOU REACH OUT TO', 'how-many-did-you-reach-out-to', '', 'input', 27, 0, 0, 39, 0, 0, '0', 41, 24, 'staff-ass', '2018-01-16 18:59:00', 0),
(30, 'HOW MANY WERE RETAINED', 'how-many-were-retained', '', 'input', 27, 0, 0, 39, 0, 0, '0', 47, 24, 'staff-ass', '2018-01-16 19:01:25', 0),
(31, 'HOW MANY FINISHED THEIR COURSE', 'how-many-finished-their-course', '', 'input', 37, 0, 0, 39, 0, 0, '0', 40, 24, 'staff-ass', '2018-01-16 19:03:11', 0),
(32, 'HOW MANY FINISHED THEIR COURSE', 'how-many-finished-their-course', '', 'input', 37, 0, 0, 39, 0, 0, '0', 40, 24, 'staff-ass', '2018-01-16 19:04:16', 0),
(33, 'HOW MANY ARE NOW WORKERS', 'how-many-are-now-workers', '', 'input', 37, 0, 0, 39, 0, 0, '0', 46, 24, 'staff-ass', '2018-01-16 19:05:10', 0),
(34, 'HOW MANY SOULS WON', 'how-many-souls-won', '', 'input', 29, 0, 0, 39, 0, 0, '0', 44, 24, 'staff-ass', '2018-01-16 19:06:45', 0),
(35, 'HOW MANY CAME TO CHURCH WITH YOU', 'how-many-came-to-church-with-y', '', 'input', 29, 0, 0, 39, 0, 0, '0', 50, 24, 'staff-ass', '2018-01-16 19:07:30', 0),
(36, 'HOW MANY TRAINED', 'how-many-trained', '', 'input', 36, 0, 0, 39, 0, 0, '0', 39, 24, 'staff-ass', '2018-01-16 19:09:02', 0),
(37, 'HOW MANY ARE STILL IN THE FAITH', 'how-many-are-still-in-the-fait', '', 'input', 36, 0, 0, 39, 0, 0, '0', 45, 24, 'staff-ass', '2018-01-16 19:09:55', 0),
(38, 'how many souls did you win to Christ', 'how-many-souls-did-you-win-to-', '', 'input', 29, 0, 0, 39, 0, 0, '0', 44, 24, 'staff-ass', '2018-01-19 17:10:43', 0),
(39, 'how many are Discipled by you in the church', 'how-many-are-discipled-by-you-', '', 'input', 29, 0, 0, 39, 0, 0, '0', 50, 24, 'staff-ass', '2018-01-19 17:12:16', 0),
(40, 'How many did you reach out to', 'how-many-did-you-reach-out-to', '', 'input', 28, 0, 0, 39, 0, 0, '0', 43, 24, 'staff-ass', '2018-01-19 17:13:23', 0),
(41, 'how many followed you to Church', 'how-many-followed-you-to-churc', '', 'input', 28, 0, 0, 39, 0, 0, '0', 49, 24, 'staff-ass', '2018-01-19 17:14:18', 0),
(42, 'NUMBER OF CLIENTS EXPECTED TO BE REACHED', 'number-of-clients-expected-to-', '', 'input', 49, 0, 0, 26, 0, 0, '0', 51, 23, 'staff-ass', '2018-02-21 13:13:27', 0),
(43, 'HOW MANY CLIENTS DID YOU REGISTER', 'how-many-clients-did-you-regis', '', 'input', 49, 0, 0, 26, 0, 0, '0', 52, 23, 'staff-ass', '2018-02-21 13:14:47', 0),
(44, 'NUMBER OF ACCOUNTS OPENED', 'number-of-accounts-opened', '', 'input', 50, 0, 0, 26, 0, 0, '0', 55, 23, 'staff-ass', '2018-02-21 13:16:39', 0),
(45, 'TOTAL AMOUNT IN YOUR SAVINGS GROUP', 'total-amount-in-your-savings-g', '', 'input', 50, 0, 0, 26, 0, 0, '0', 54, 23, 'staff-ass', '2018-02-21 13:20:55', 0),
(46, 'TOTAL NUMBER OF STAFF THAT RECEIVED DISBURSEMENT', 'total-number-of-staff-that-rec', '', 'input', 51, 0, 0, 26, 0, 0, '0', 57, 23, 'staff-ass', '2018-02-21 13:22:44', 0),
(47, 'TOTAL AMOUNT OF MONEY DISBURSED', 'total-amount-of-money-disburse', '', 'input', 51, 0, 0, 26, 0, 0, '0', 56, 23, 'staff-ass', '2018-02-21 13:24:27', 0);

-- --------------------------------------------------------

--
-- Table structure for table `assessment_params_category`
--

CREATE TABLE `assessment_params_category` (
  `aspcat_id` int(8) NOT NULL,
  `aspcat_name` varchar(100) NOT NULL,
  `ass_typ` int(4) NOT NULL,
  `org_grp` varchar(20) NOT NULL,
  `aspcat_discrip` text NOT NULL,
  `aspcat_status` int(4) NOT NULL,
  `registered_at` datetime NOT NULL,
  `aspcat_kpi` int(11) NOT NULL,
  `org_id` int(11) NOT NULL
) ENGINE=InnoDB DEFAULT CHARSET=latin1;

--
-- Dumping data for table `assessment_params_category`
--

INSERT INTO `assessment_params_category` (`aspcat_id`, `aspcat_name`, `ass_typ`, `org_grp`, `aspcat_discrip`, `aspcat_status`, `registered_at`, `aspcat_kpi`, `org_id`) VALUES
(5, 'Efficiency ', 11, 'department', '', 0, '2017-08-12 13:28:37', 1, 8),
(6, 'Effectiveness ', 11, 'department', '', 0, '2017-08-12 13:29:08', 1, 8),
(7, 'Efficiency', 14, 'staff-ass', '', 0, '2017-09-03 23:48:49', 1, 8),
(8, 'Effectiveness', 14, 'staff-ass', '', 0, '2017-09-03 23:49:49', 1, 8),
(9, 'Effectiveness', 15, 'unit', '', 0, '2017-09-03 23:58:02', 1, 8),
(10, 'Efficiency', 15, 'unit', '', 0, '2017-09-03 23:58:57', 1, 8),
(11, 'Efficiency', 16, 'department', '', 0, '2017-10-08 08:37:57', 1, 8),
(12, 'Effectiveness', 16, 'department', '', 0, '2017-10-08 08:38:35', 1, 8),
(13, 'Effectiveness', 14, 'staff-ass', '', 0, '2017-10-09 12:50:34', 3, 8),
(14, 'Effectiveness', 14, 'staff-ass', '', 0, '2017-10-09 12:50:34', 4, 8),
(15, 'Efficiency', 14, 'staff-ass', '', 0, '2017-10-09 12:52:00', 3, 8),
(16, 'Efficiency', 14, 'staff-ass', '', 0, '2017-10-09 12:52:00', 4, 8),
(17, 'EFFICIENCY', 14, 'staff-ass', '', 0, '2017-10-30 21:00:05', 5, 8),
(18, 'EFFECTIVENESS', 14, 'staff-ass', '', 0, '2017-10-30 21:00:29', 5, 8),
(19, 'Effectiveness', 14, 'staff-ass', 'Create Income Levels of MDAs', 0, '2017-12-13 10:13:33', 13, 8),
(20, 'Efficiency', 14, 'staff-ass', 'Create Income Levels of MDAs', 0, '2017-12-13 10:14:01', 13, 8),
(21, 'Efficiency', 20, 'department', '', 0, '2017-12-14 20:22:49', 14, 2),
(22, 'Effectiveness', 20, 'department', '', 0, '2017-12-14 20:23:12', 14, 2),
(23, 'Effectiveness', 21, 'department', '', 0, '2017-12-14 21:09:17', 14, 2),
(24, 'Efficiency', 21, 'department', '', 0, '2017-12-14 21:10:31', 14, 2),
(25, 'Effectiveness', 20, 'department', '', 0, '2017-12-14 21:17:15', 15, 2),
(26, 'Efficiency', 20, 'department', '', 0, '2017-12-14 21:18:08', 15, 2),
(27, 'Effectiveness', 22, 'department', '', 0, '2017-12-15 10:05:50', 15, 2),
(28, 'Efficiency', 22, 'department', '', 0, '2017-12-15 10:06:19', 15, 2),
(29, 'Effectiveness', 14, 'staff-ass', '', 0, '2017-12-26 22:41:19', 16, 8),
(30, 'Efficiency', 14, 'staff-ass', '', 0, '2017-12-26 22:41:47', 16, 8),
(31, 'Effectiveness', 14, 'staff-ass', '', 0, '2017-12-29 08:28:40', 23, 8),
(32, 'Efficiency', 14, 'staff-ass', '', 0, '2017-12-29 08:29:13', 23, 8),
(33, 'Effectiveness', 23, 'staff-ass', '', 0, '2018-01-14 10:29:06', 24, 14),
(34, 'Efficiency', 23, 'staff-ass', '', 0, '2018-01-14 10:29:34', 24, 14),
(35, 'Effectiveness', 23, 'staff-ass', '', 0, '2018-01-14 10:30:05', 26, 14),
(36, 'Efficiency', 23, 'staff-ass', '', 0, '2018-01-14 10:30:26', 26, 14),
(37, 'Effectiveness', 23, 'staff-ass', '', 0, '2018-01-14 10:31:00', 25, 14),
(38, 'Efficiency', 23, 'staff-ass', '', 0, '2018-01-14 10:31:33', 25, 14),
(39, 'EFFECTIVENESS', 24, 'staff-ass', '', 0, '2018-01-16 18:52:16', 36, 12),
(40, 'EFFECTIVENESS', 24, 'staff-ass', '', 0, '2018-01-16 18:52:16', 37, 12),
(41, 'EFFECTIVENESS', 24, 'staff-ass', '', 0, '2018-01-16 18:52:16', 27, 12),
(42, 'EFFECTIVENESS', 24, 'staff-ass', '', 0, '2018-01-16 18:52:16', 30, 12),
(43, 'EFFECTIVENESS', 24, 'staff-ass', '', 0, '2018-01-16 18:52:16', 28, 12),
(44, 'EFFECTIVENESS', 24, 'staff-ass', '', 0, '2018-01-16 18:52:16', 29, 12),
(45, 'EFFICIENCY', 24, 'staff-ass', '', 0, '2018-01-16 18:52:52', 36, 12),
(46, 'EFFICIENCY', 24, 'staff-ass', '', 0, '2018-01-16 18:52:52', 37, 12),
(47, 'EFFICIENCY', 24, 'staff-ass', '', 0, '2018-01-16 18:52:52', 27, 12),
(48, 'EFFICIENCY', 24, 'staff-ass', '', 0, '2018-01-16 18:52:52', 30, 12),
(49, 'EFFICIENCY', 24, 'staff-ass', '', 0, '2018-01-16 18:52:52', 28, 12),
(50, 'EFFICIENCY', 24, 'staff-ass', '', 0, '2018-01-16 18:52:52', 29, 12),
(51, 'Effectiveness', 23, 'staff-ass', 'Registration of Clients', 0, '2018-02-21 13:06:07', 49, 14),
(52, 'Efficiency', 23, 'staff-ass', 'Registration of Clients', 0, '2018-02-21 13:06:44', 49, 14),
(53, 'Effectiveness', 23, 'staff-ass', '', 0, '2018-02-21 13:07:45', 50, 14),
(54, 'EFFICIENCY', 23, 'staff-ass', '', 0, '2018-02-21 13:08:06', 50, 14),
(55, 'EFFECTIVENESS', 23, 'staff-ass', '', 0, '2018-02-21 13:09:01', 50, 14),
(56, 'EFFICIENCY', 23, 'staff-ass', '', 0, '2018-02-21 13:10:07', 51, 14),
(57, 'EFFECTIVENESS', 23, 'staff-ass', '', 0, '2018-02-21 13:10:40', 51, 14),
(58, 'Efficiency', 29, 'unit', '', 0, '2018-05-28 10:55:04', 26, 14),
(59, 'Effectiveness', 29, 'unit', '', 0, '2018-05-28 10:55:35', 26, 14);

-- --------------------------------------------------------

--
-- Table structure for table `assessment_result`
--

CREATE TABLE `assessment_result` (
  `result_id` int(11) NOT NULL,
  `kpi_id` int(11) NOT NULL,
  `ass_id` int(11) NOT NULL,
  `ass_date_measure` varchar(50) NOT NULL,
  `ass_date_reg` varchar(50) NOT NULL,
  `ass_key_id` varchar(50) NOT NULL,
  `effectiveness` decimal(10,2) NOT NULL DEFAULT '0.00',
  `efficiency` decimal(10,2) NOT NULL DEFAULT '0.00',
  `ass_user` int(11) NOT NULL,
  `ass_type` varchar(15) NOT NULL
) ENGINE=InnoDB DEFAULT CHARSET=latin1;

--
-- Dumping data for table `assessment_result`
--

INSERT INTO `assessment_result` (`result_id`, `kpi_id`, `ass_id`, `ass_date_measure`, `ass_date_reg`, `ass_key_id`, `effectiveness`, `efficiency`, `ass_user`, `ass_type`) VALUES
(1, 1, 2, '2017-09-06', '1504701179', '9508', '0.43', '0.17', 7, 'staff'),
(2, 1, 3, '2017-10-05', '1507207733', '2035', '0.67', '0.52', 7, 'staff'),
(3, 1, 6, '2017-10-05', '1507207867', '9513', '0.35', '0.24', 7, 'staff'),
(4, 1, 7, '2017-10-05', '1507207907', '940', '1.00', '0.11', 7, 'staff'),
(5, 1, 10, '2017-10-05', '1507207999', '7704', '0.25', '0.00', 7, 'staff'),
(6, 1, 11, '2017-10-07', '1507380836', '8379', '0.50', '0.60', 7, 'staff'),
(7, 1, 14, '2017-10-08', '1507447220', '5477', '0.00', '0.93', 1, 'unit'),
(8, 1, 16, '2017-10-08', '1507447439', '8394', '0.37', '0.29', 1, 'unit'),
(9, 1, 18, '2017-10-18', '1508326386', '6685', '0.10', '0.75', 7, 'staff'),
(10, 5, 21, '2017-11-01', '1509526315', '5621', '0.33', '0.38', 7, 'staff'),
(11, 1, 23, '2017-11-02', '1509628836', '2784', '0.33', '0.31', 7, 'staff'),
(12, 5, 24, '2017-11-19', '1511112755', '3342', '0.01', '0.50', 7, 'staff'),
(13, 1, 27, '2017-11-28', '1511893037', '9815', '0.90', '0.24', 7, 'staff'),
(14, 1, 29, '2017-11-28', '1511893887', '6097', '0.89', '0.50', 1, 'unit'),
(15, 1, 30, '2017-11-28', '1511982376', '6804', '0.82', '0.60', 1, 'unit'),
(16, 1, 32, '2017-12-05', '1512490500', '7926', '0.00', '0.16', 7, 'staff'),
(17, 1, 38, '2017-12-06', '1512566356', '1543', '0.60', '0.00', 7, 'staff'),
(18, 37, 67, '2018-01-19', '1516381241', '9895', '0.40', '0.50', 39, 'staff'),
(19, 36, 64, '2018-01-19', '1516381522', '2533', '0.65', '0.24', 39, 'staff'),
(20, 28, 70, '2018-01-19', '1516382430', '7624', '0.67', '0.25', 39, 'staff'),
(21, 27, 69, '2018-01-19', '1517170266', '5819', '0.00', '0.56', 39, 'staff'),
(22, 27, 72, '2018-01-24', '1517170306', '583', '0.30', '0.50', 39, 'staff'),
(23, 27, 78, '2018-01-28', '1517170460', '2023', '0.86', '0.67', 39, 'staff'),
(24, 25, 140, '2018-02-20', '1519120871', '4643', '0.83', '0.80', 26, 'staff'),
(25, 26, 139, '2018-02-20', '1519120961', '8729', '0.56', '0.19', 26, 'staff'),
(26, 24, 144, '2018-02-20', '1519121014', '1918', '0.80', '0.19', 26, 'staff'),
(27, 26, 147, '2018-02-21', '1519204718', '9361', '0.80', '0.12', 26, 'staff'),
(28, 49, 151, '2018-02-23', '1519377866', '2403', '1.00', '1.00', 26, 'staff'),
(29, 24, 153, '2018-02-23', '1519719067', '7405', '0.75', '0.56', 26, 'staff'),
(30, 26, 155, '2018-02-23', '1519719096', '7318', '0.42', '0.29', 26, 'staff'),
(31, 26, 156, '2018-02-28', '1519812496', '9826', '1.00', '0.13', 26, 'staff'),
(32, 25, 158, '2018-02-28', '1519812527', '2393', '1.00', '0.80', 26, 'staff'),
(33, 51, 160, '2018-02-28', '1519812566', '4705', '0.67', '0.50', 26, 'staff'),
(34, 49, 163, '2018-02-28', '1519812604', '9709', '0.75', '0.67', 26, 'staff'),
(35, 49, 167, '2018-03-09', '1520959541', '8001', '0.87', '0.80', 26, 'staff'),
(36, 24, 170, '2018-03-13', '1520959627', '2666', '0.67', '0.20', 26, 'staff');

-- --------------------------------------------------------

--
-- Table structure for table `assessment_supervisor`
--

CREATE TABLE `assessment_supervisor` (
  `ass_id` int(10) NOT NULL,
  `ass_typ` int(4) NOT NULL,
  `ass_user` int(6) NOT NULL,
  `usr_dept` int(6) NOT NULL,
  `usr_unit` int(7) NOT NULL,
  `ass_param` int(5) NOT NULL,
  `param_type` varchar(10) NOT NULL,
  `std_value` decimal(10,1) NOT NULL,
  `ass_point` decimal(10,1) NOT NULL,
  `ass_param_cat` int(4) NOT NULL,
  `registered_at` datetime NOT NULL,
  `ass_date` date NOT NULL,
  `usr_typ` varchar(10) NOT NULL,
  `ass_typ_status` varchar(15) NOT NULL,
  `session_id` varchar(20) NOT NULL,
  `ass_kpi` int(11) NOT NULL,
  `ass_kpi_routine` varchar(20) NOT NULL,
  `supervisor_status` int(11) NOT NULL DEFAULT '0',
  `ass_key_id` varchar(10) NOT NULL
) ENGINE=InnoDB DEFAULT CHARSET=latin1;

--
-- Dumping data for table `assessment_supervisor`
--

INSERT INTO `assessment_supervisor` (`ass_id`, `ass_typ`, `ass_user`, `usr_dept`, `usr_unit`, `ass_param`, `param_type`, `std_value`, `ass_point`, `ass_param_cat`, `registered_at`, `ass_date`, `usr_typ`, `ass_typ_status`, `session_id`, `ass_kpi`, `ass_kpi_routine`, `supervisor_status`, `ass_key_id`) VALUES
(1, 0, 7, 3, 0, 2, 'input', '300000.0', '50000.0', 7, '2017-09-06 13:22:27', '2017-09-06', 'staff', '', '', 1, '2017-09-06', 1, '9508'),
(2, 0, 7, 3, 0, 1, 'input', '58.0', '25.0', 8, '2017-09-06 13:23:01', '2017-09-06', 'staff', '', '', 1, '2017-09-06', 1, '9508'),
(3, 0, 7, 3, 0, 2, 'input', '97.0', '50.0', 7, '2017-10-05 13:37:06', '2017-10-05', 'staff', '', '', 1, '2017-10-05', 1, '2035'),
(4, 0, 7, 3, 0, 1, 'input', '30.0', '20.0', 8, '2017-10-05 13:38:12', '2017-10-05', 'staff', '', '', 1, '2017-10-05', 1, '2035'),
(5, 0, 7, 3, 0, 2, 'input', '2500000.0', '600000.0', 7, '2017-10-05 13:41:24', '2017-10-05', 'staff', '', '', 1, '2017-09-30', 1, '9513'),
(6, 0, 7, 3, 0, 1, 'input', '133.0', '46.0', 8, '2017-10-05 13:42:12', '2017-10-05', 'staff', '', '', 1, '2017-09-30', 1, '9513'),
(7, 0, 7, 3, 0, 2, 'input', '2800000.0', '300000.0', 7, '2017-10-05 13:44:31', '2017-10-05', 'staff', '', '', 1, '2017-10-03', 1, '940'),
(8, 0, 7, 3, 0, 1, 'input', '20.0', '20.0', 8, '2017-10-05 13:45:03', '2017-10-05', 'staff', '', '', 1, '2017-10-03', 1, '940'),
(9, 0, 7, 3, 0, 2, 'input', '3000000.0', '900000.0', 7, '2017-10-05 13:46:41', '2017-10-05', 'staff', '', '', 1, '2017-10-04', 2, '7704'),
(10, 0, 7, 3, 0, 1, 'input', '59.0', '15.0', 8, '2017-10-05 13:47:26', '2017-10-05', 'staff', '', '', 1, '2017-10-04', 1, '7704'),
(11, 0, 7, 3, 0, 2, 'input', '10000000.0', '6000000.0', 7, '2017-10-07 13:47:22', '2017-10-07', 'staff', '', '', 1, '2017-10-07', 1, '8379'),
(12, 0, 7, 3, 0, 1, 'input', '18.0', '9.0', 8, '2017-10-07 13:48:28', '2017-10-07', 'staff', '', '', 1, '', 1, '8379'),
(13, 0, 1, 1, 0, 3, 'input', '1800.0', '500.0', 9, '2017-10-08 08:17:31', '2017-10-08', 'unit', '', '', 1, '2017-10-08', 0, '5477'),
(14, 0, 1, 1, 0, 4, 'input', '700000.0', '650000.0', 10, '2017-10-08 08:19:13', '2017-10-08', 'unit', '', '', 1, '2017-10-08', 1, '5477'),
(15, 0, 1, 1, 0, 3, 'input', '1500.0', '558.0', 9, '2017-10-08 08:21:36', '2017-10-08', 'unit', '', '', 1, '2017-10-07', 1, '8394'),
(16, 0, 1, 1, 0, 4, 'input', '7000000.0', '2000000.0', 10, '2017-10-08 08:23:07', '2017-10-08', 'unit', '', '', 1, '2017-10-07', 1, '8394'),
(17, 0, 7, 3, 0, 1, 'input', '18.0', '9.0', 8, '2017-10-08 09:02:42', '2017-10-08', 'staff', '', '', 1, '', 1, '8379'),
(18, 0, 7, 3, 0, 2, 'input', '20000000.0', '15000000.0', 7, '2017-10-18 12:30:33', '2017-10-18', 'staff', '', '', 1, '', 1, '6685'),
(19, 0, 7, 3, 0, 1, 'input', '20.0', '2.0', 8, '2017-10-18 12:31:33', '2017-10-18', 'staff', '', '', 1, '2017-10-18', 1, '6685'),
(20, 0, 7, 3, 0, 12, 'input', '800000.0', '300000.0', 17, '2017-11-01 09:49:46', '2017-11-01', 'staff', '', '', 5, '2017-10-31', 1, '5621'),
(21, 0, 7, 3, 0, 11, 'input', '85.0', '28.0', 18, '2017-11-01 09:50:39', '2017-11-01', 'staff', '', '', 5, '2017-10-31', 1, '5621'),
(22, 0, 7, 3, 0, 2, 'input', '16000000.0', '5000000.0', 7, '2017-11-02 14:19:14', '2017-11-02', 'staff', '', '', 1, '2017-11-02', 1, '2784'),
(23, 0, 7, 3, 0, 1, 'input', '45.0', '15.0', 8, '2017-11-02 14:19:37', '2017-11-02', 'staff', '', '', 1, '2017-11-02', 1, '2784'),
(24, 0, 7, 3, 0, 12, 'input', '400000.0', '200000.0', 17, '2017-11-19 18:28:36', '2017-11-19', 'staff', '', '', 5, '2017-11-19', 1, '3342'),
(25, 0, 7, 3, 0, 11, 'input', '6000.0', '50.0', 18, '2017-11-19 18:29:18', '2017-11-19', 'staff', '', '', 5, '2017-11-19', 1, '3342'),
(26, 0, 7, 3, 0, 2, 'input', '10000000.0', '2400000.0', 7, '2017-11-28 19:10:07', '2017-11-28', 'staff', '', '', 1, '2017-11-28', 1, '9815'),
(27, 0, 7, 3, 0, 1, 'input', '300.0', '270.0', 8, '2017-11-28 19:11:02', '2017-11-28', 'staff', '', '', 1, '2017-11-28', 1, '9815'),
(28, 0, 1, 1, 0, 3, 'input', '28.0', '25.0', 9, '2017-11-28 19:19:41', '2017-11-28', 'unit', '', '', 1, '2017-11-28', 1, '6097'),
(29, 0, 1, 1, 0, 4, 'input', '300000.0', '150000.0', 10, '2017-11-28 19:20:52', '2017-11-28', 'unit', '', '', 1, '2017-11-28', 1, '6097'),
(30, 0, 1, 1, 0, 3, 'input', '68.0', '56.0', 9, '2017-11-28 19:56:45', '2017-11-28', 'unit', '', '', 1, '2017-11-28', 1, '6804'),
(31, 0, 1, 1, 0, 4, 'input', '200000.0', '120000.0', 10, '2017-11-28 19:57:37', '2017-11-28', 'unit', '', '', 1, '2017-11-28', 1, '6804'),
(32, 0, 7, 3, 0, 2, 'input', '1600000.0', '250000.0', 7, '2017-12-05 15:44:53', '2017-12-05', 'staff', '', '', 1, '2017-12-05', 1, '7926'),
(33, 0, 7, 3, 0, 1, 'input', '50.0', '34.0', 8, '2017-12-05 15:45:25', '2017-12-05', 'staff', '', '', 1, '2017-12-05', 2, '7926'),
(34, 0, 7, 3, 0, 1, 'input', '34.0', '34.0', 8, '2017-12-05 16:13:43', '2017-12-05', 'staff', '', '', 1, '2017-12-05', 0, '7926'),
(35, 0, 7, 3, 0, 2, 'input', '34.0', '34.0', 7, '2017-12-05 16:14:33', '2017-12-05', 'staff', '', '', 1, '2017-12-05', 1, '7926'),
(36, 0, 7, 3, 0, 1, 'input', '50.0', '34.0', 8, '2017-12-05 16:17:54', '2017-12-05', 'staff', '', '', 1, '2017-12-05', 0, '7926'),
(37, 0, 7, 3, 0, 2, 'input', '10000000.0', '4500000.0', 7, '2017-12-06 13:15:11', '2017-12-06', 'staff', '', '', 1, '2017-12-06', 0, '1543'),
(38, 0, 7, 3, 0, 1, 'input', '50.0', '30.0', 8, '2017-12-06 13:16:34', '2017-12-06', 'staff', '', '', 1, '2017-12-06', 1, '1543'),
(39, 0, 7, 3, 0, 1, 'input', '50.0', '30.0', 8, '2017-12-13 10:25:39', '2017-12-13', 'staff', '', '', 1, '2017-12-13', 0, '3289'),
(40, 0, 7, 3, 0, 2, 'input', '75.0', '60.0', 7, '2017-12-19 12:04:18', '2017-12-19', 'staff', '', '', 1, '2017-12-19', 0, '3289'),
(41, 0, 7, 3, 0, 1, 'input', '100.0', '75.0', 8, '2017-12-19 12:06:38', '2017-12-19', 'staff', '', '', 1, '2017-12-19', 0, '3289'),
(42, 0, 28, 14, 0, 21, 'input', '12.0', '12.0', 37, '2018-01-16 13:00:22', '2018-01-16', 'staff', '', '', 25, '2018-01-16', 0, '8684'),
(43, 0, 26, 17, 0, 19, 'input', '15.0', '10.0', 33, '2018-01-16 13:15:39', '2018-01-16', 'staff', '', '', 24, '2018-01-16', 0, '1106'),
(44, 0, 26, 17, 0, 20, 'input', '4500000.0', '1500000.0', 34, '2018-01-16 13:16:27', '2018-01-16', 'staff', '', '', 24, '2018-01-16', 0, '1106'),
(45, 0, 26, 17, 0, 20, 'input', '4500000.0', '1500000.0', 34, '2018-01-17 14:49:12', '2018-01-17', 'staff', '', '', 24, '2018-01-16', 0, '1106'),
(46, 0, 26, 17, 0, 19, 'input', '15.0', '10.0', 33, '2018-01-17 14:50:01', '2018-01-17', 'staff', '', '', 24, '2018-01-16', 0, '1106'),
(47, 0, 26, 17, 0, 23, 'input', '17.0', '8.0', 35, '2018-01-17 14:51:18', '2018-01-17', 'staff', '', '', 26, '2018-01-17', 0, '7966'),
(48, 0, 26, 17, 0, 24, 'input', '7000000.0', '2500000.0', 36, '2018-01-17 14:52:20', '2018-01-17', 'staff', '', '', 26, '2018-01-17', 0, '7966'),
(49, 0, 26, 17, 0, 19, 'input', '19.0', '12.0', 33, '2018-01-17 14:53:26', '2018-01-17', 'staff', '', '', 24, '2018-01-17', 0, '4345'),
(50, 0, 26, 17, 0, 20, 'input', '7000000.0', '1000000.0', 34, '2018-01-17 14:53:59', '2018-01-17', 'staff', '', '', 24, '2018-01-17', 0, '4345'),
(51, 0, 26, 17, 0, 23, 'input', '19.0', '8.0', 35, '2018-01-17 14:54:39', '2018-01-17', 'staff', '', '', 26, '2018-01-17', 0, '7966'),
(52, 0, 26, 17, 0, 24, 'input', '12000000.0', '4000000.0', 36, '2018-01-17 14:56:24', '2018-01-17', 'staff', '', '', 26, '2018-01-17', 0, '7966'),
(53, 0, 26, 17, 0, 27, 'input', '29.0', '15.0', 37, '2018-01-17 14:59:12', '2018-01-17', 'staff', '', '', 25, '2018-01-17', 0, '9692'),
(54, 0, 26, 17, 0, 22, 'input', '19.0', '19.0', 38, '2018-01-17 15:04:19', '2018-01-17', 'staff', '', '', 25, '2018-01-17', 0, '9692'),
(55, 0, 26, 17, 0, 20, 'input', '7000000.0', '1000000.0', 34, '2018-01-17 15:04:38', '2018-01-17', 'staff', '', '', 24, '2018-01-17', 0, '4345'),
(56, 0, 26, 17, 0, 19, 'input', '12.0', '10.0', 33, '2018-01-19 10:04:20', '2018-01-19', 'staff', '', '', 24, '2018-01-19', 0, '2809'),
(57, 0, 26, 17, 0, 20, 'input', '8000000.0', '3000000.0', 34, '2018-01-19 10:04:48', '2018-01-19', 'staff', '', '', 24, '2018-01-19', 0, '2809'),
(58, 0, 26, 17, 0, 19, 'input', '12.0', '7.0', 33, '2018-01-19 12:22:44', '2018-01-19', 'staff', '', '', 24, '2018-01-19', 0, '2809'),
(59, 0, 26, 17, 0, 20, 'input', '9000000.0', '4000000.0', 34, '2018-01-19 12:23:37', '2018-01-19', 'staff', '', '', 24, '2018-01-19', 0, '2809'),
(60, 0, 26, 17, 0, 23, 'input', '10.0', '8.0', 35, '2018-01-19 12:24:35', '2018-01-19', 'staff', '', '', 26, '2018-01-19', 0, '705'),
(61, 0, 26, 17, 0, 24, 'input', '11000000.0', '4000000.0', 36, '2018-01-19 12:25:16', '2018-01-19', 'staff', '', '', 26, '2018-01-19', 0, '705'),
(62, 0, 26, 17, 0, 27, 'input', '15.0', '15.0', 37, '2018-01-19 12:26:23', '2018-01-19', 'staff', '', '', 25, '2018-01-19', 0, '2855'),
(63, 0, 26, 17, 0, 22, 'input', '15.0', '12.0', 38, '2018-01-19 12:26:50', '2018-01-19', 'staff', '', '', 25, '2018-01-19', 0, '2855'),
(64, 0, 39, 18, 0, 36, 'input', '23.0', '15.0', 39, '2018-01-19 16:54:38', '2018-01-19', 'staff', '', '', 36, '2018-01-19', 1, '2533'),
(65, 0, 39, 18, 0, 37, 'input', '21.0', '5.0', 45, '2018-01-19 16:55:16', '2018-01-19', 'staff', '', '', 36, '2018-01-19', 1, '2533'),
(66, 0, 39, 18, 0, 31, 'input', '25.0', '10.0', 40, '2018-01-19 16:57:40', '2018-01-19', 'staff', '', '', 37, '2018-01-19', 1, '9895'),
(67, 0, 39, 18, 0, 33, 'input', '10.0', '5.0', 46, '2018-01-19 16:58:35', '2018-01-19', 'staff', '', '', 37, '2018-01-19', 1, '9895'),
(68, 0, 39, 18, 0, 29, 'input', '50.0', '45.0', 41, '2018-01-19 17:15:50', '2018-01-19', 'staff', '', '', 27, '2018-01-19', 0, '5819'),
(69, 0, 39, 18, 0, 30, 'input', '45.0', '25.0', 47, '2018-01-19 17:16:33', '2018-01-19', 'staff', '', '', 27, '2018-01-19', 1, '5819'),
(70, 0, 39, 18, 0, 40, 'input', '60.0', '40.0', 43, '2018-01-19 17:18:28', '2018-01-19', 'staff', '', '', 28, '2018-01-19', 1, '7624'),
(71, 0, 39, 18, 0, 41, 'input', '40.0', '10.0', 49, '2018-01-19 17:19:01', '2018-01-19', 'staff', '', '', 28, '2018-01-19', 1, '7624'),
(72, 0, 39, 18, 0, 29, 'input', '100.0', '30.0', 41, '2018-01-24 09:52:32', '2018-01-24', 'staff', '', '', 27, '2018-01-22', 1, '583'),
(73, 0, 39, 18, 0, 30, 'input', '30.0', '15.0', 47, '2018-01-24 09:53:04', '2018-01-24', 'staff', '', '', 27, '2018-01-22', 1, '583'),
(74, 0, 39, 18, 0, 29, 'input', '70.0', '50.0', 41, '2018-01-24 09:55:45', '2018-01-24', 'staff', '', '', 27, '2018-01-23', 1, '583'),
(75, 0, 39, 18, 0, 30, 'input', '50.0', '30.0', 47, '2018-01-24 09:56:19', '2018-01-24', 'staff', '', '', 27, '2018-01-23', 1, '583'),
(76, 0, 39, 18, 0, 29, 'input', '120.0', '125.0', 41, '2018-01-24 09:57:27', '2018-01-24', 'staff', '', '', 27, '2018-01-24', 1, '583'),
(77, 0, 39, 18, 0, 30, 'input', '125.0', '40.0', 47, '2018-01-24 09:58:01', '2018-01-24', 'staff', '', '', 27, '2018-01-24', 1, '583'),
(78, 0, 39, 18, 0, 29, 'input', '70.0', '60.0', 41, '2018-01-28 20:09:33', '2018-01-28', 'staff', '', '', 27, '2018-01-28', 1, '2023'),
(79, 0, 39, 18, 0, 30, 'input', '60.0', '40.0', 47, '2018-01-28 20:10:15', '2018-01-28', 'staff', '', '', 27, '2018-01-28', 1, '2023'),
(80, 0, 39, 18, 0, 29, 'input', '100.0', '60.0', 41, '2018-01-29 19:00:39', '2018-01-29', 'staff', '', '', 27, '2018-01-29', 0, '3422'),
(81, 0, 39, 18, 0, 30, 'input', '60.0', '40.0', 47, '2018-01-29 19:03:35', '2018-01-29', 'staff', '', '', 27, '2018-01-29', 0, '3422'),
(82, 0, 26, 17, 0, 27, 'input', '16.0', '16.0', 37, '2018-02-14 08:16:17', '2018-02-14', 'staff', '', '', 25, '2018-02-14', 0, '906'),
(83, 0, 26, 17, 0, 22, 'input', '16.0', '15.0', 38, '2018-02-14 08:16:45', '2018-02-14', 'staff', '', '', 25, '2018-02-14', 0, '906'),
(84, 0, 26, 17, 0, 19, 'input', '20.0', '10.0', 33, '2018-02-14 08:18:01', '2018-02-14', 'staff', '', '', 24, '2018-02-14', 0, '9172'),
(85, 0, 26, 17, 0, 20, 'input', '600000.0', '150000.0', 34, '2018-02-14 08:18:32', '2018-02-14', 'staff', '', '', 24, '2018-02-14', 0, '9172'),
(86, 0, 26, 17, 0, 23, 'input', '15.0', '7.0', 35, '2018-02-14 08:20:27', '2018-02-14', 'staff', '', '', 26, '2018-02-14', 0, '2390'),
(87, 0, 26, 17, 0, 24, 'input', '2000000.0', '1700000.0', 36, '2018-02-14 08:21:00', '2018-02-14', 'staff', '', '', 26, '2018-02-14', 0, '2390'),
(88, 0, 26, 17, 0, 27, 'input', '15.0', '15.0', 37, '2018-02-14 08:21:57', '2018-02-14', 'staff', '', '', 25, '2018-02-09', 0, '3912'),
(89, 0, 26, 17, 0, 22, 'input', '15.0', '15.0', 38, '2018-02-14 08:22:29', '2018-02-14', 'staff', '', '', 25, '2018-02-09', 0, '3912'),
(90, 0, 26, 17, 0, 23, 'input', '18.0', '13.0', 35, '2018-02-14 08:23:12', '2018-02-14', 'staff', '', '', 26, '2018-02-09', 0, '4173'),
(91, 0, 26, 17, 0, 24, 'input', '15000000.0', '5000000.0', 36, '2018-02-14 08:23:40', '2018-02-14', 'staff', '', '', 26, '2018-02-09', 0, '4173'),
(92, 0, 26, 17, 0, 23, 'input', '19.0', '14.0', 35, '2018-02-14 08:25:30', '2018-02-14', 'staff', '', '', 26, '2018-02-09', 0, '4173'),
(93, 0, 26, 17, 0, 24, 'input', '4000000.0', '1000000.0', 36, '2018-02-14 08:26:00', '2018-02-14', 'staff', '', '', 26, '2018-02-09', 0, '4173'),
(94, 0, 26, 17, 0, 19, 'input', '16.0', '12.0', 33, '2018-02-14 08:48:07', '2018-02-14', 'staff', '', '', 24, '2018-02-14', 0, '9172'),
(95, 0, 26, 17, 0, 20, 'input', '5000000.0', '1600000.0', 34, '2018-02-14 08:49:41', '2018-02-14', 'staff', '', '', 24, '2018-02-14', 0, '9172'),
(96, 0, 26, 17, 0, 27, 'input', '25.0', '14.0', 37, '2018-02-14 08:50:25', '2018-02-14', 'staff', '', '', 25, '2018-02-14', 0, '3912'),
(97, 0, 26, 17, 0, 22, 'input', '15.0', '15.0', 38, '2018-02-14 08:51:12', '2018-02-14', 'staff', '', '', 25, '2018-02-14', 0, '3912'),
(98, 0, 26, 17, 0, 19, 'input', '13.0', '10.0', 33, '2018-02-14 08:51:48', '2018-02-14', 'staff', '', '', 24, '2018-02-14', 0, '2371'),
(99, 0, 26, 17, 0, 20, 'input', '7000000.0', '4000000.0', 34, '2018-02-14 08:52:49', '2018-02-14', 'staff', '', '', 24, '2018-02-14', 0, '2371'),
(100, 0, 26, 17, 0, 23, 'input', '10.0', '7.0', 35, '2018-02-14 09:00:55', '2018-02-14', 'staff', '', '', 26, '2018-02-14', 0, '2390'),
(101, 0, 26, 17, 0, 24, 'input', '4000000.0', '1700000.0', 36, '2018-02-14 09:01:21', '2018-02-14', 'staff', '', '', 26, '2018-02-14', 0, '2390'),
(102, 0, 26, 17, 0, 24, 'input', '4000000.0', '1000000.0', 36, '2018-02-14 09:04:58', '2018-02-14', 'staff', '', '', 26, '2018-02-09', 0, '4173'),
(103, 0, 26, 17, 0, 23, 'input', '12.0', '10.0', 35, '2018-02-14 09:05:39', '2018-02-14', 'staff', '', '', 26, '2018-02-14', 0, '2390'),
(104, 0, 26, 17, 0, 23, 'input', '12.0', '10.0', 35, '2018-02-14 09:05:41', '2018-02-14', 'staff', '', '', 26, '2018-02-14', 0, '2390'),
(105, 0, 26, 17, 0, 24, 'input', '3000000.0', '2000000.0', 36, '2018-02-14 09:06:08', '2018-02-14', 'staff', '', '', 26, '2018-02-14', 0, '2390'),
(106, 0, 26, 17, 0, 27, 'input', '12.0', '10.0', 37, '2018-02-14 09:13:13', '2018-02-14', 'staff', '', '', 25, '2018-02-13', 0, '906'),
(107, 0, 26, 17, 0, 22, 'input', '10.0', '9.0', 38, '2018-02-14 09:17:19', '2018-02-14', 'staff', '', '', 25, '2018-02-13', 0, '906'),
(108, 0, 26, 17, 0, 27, 'input', '15.0', '10.0', 37, '2018-02-14 09:23:47', '2018-02-14', 'staff', '', '', 25, '2018-02-13', 0, '906'),
(109, 0, 26, 17, 0, 22, 'input', '10.0', '8.0', 38, '2018-02-14 09:24:35', '2018-02-14', 'staff', '', '', 25, '2018-02-13', 0, '906'),
(110, 0, 26, 17, 0, 23, 'input', '10.0', '6.0', 35, '2018-02-14 09:43:19', '2018-02-14', 'staff', '', '', 26, '2018-02-13', 0, '2390'),
(111, 0, 26, 17, 0, 24, 'input', '5000000.0', '1200000.0', 36, '2018-02-14 09:43:46', '2018-02-14', 'staff', '', '', 26, '2018-02-13', 0, '2390'),
(112, 0, 26, 17, 0, 19, 'input', '20.0', '10.0', 33, '2018-02-14 09:44:53', '2018-02-14', 'staff', '', '', 24, '2018-02-13', 0, '9172'),
(113, 0, 26, 17, 0, 20, 'input', '4000000.0', '1500000.0', 34, '2018-02-14 09:45:21', '2018-02-14', 'staff', '', '', 24, '2018-02-13', 0, '9172'),
(114, 0, 26, 17, 0, 19, 'input', '20.0', '15.0', 33, '2018-02-14 09:46:16', '2018-02-14', 'staff', '', '', 24, '2018-02-13', 0, '9172'),
(115, 0, 26, 17, 0, 20, 'input', '6500000.0', '5000000.0', 34, '2018-02-14 09:46:37', '2018-02-14', 'staff', '', '', 24, '2018-02-13', 0, '9172'),
(116, 0, 26, 17, 0, 23, 'input', '0.0', '12.0', 35, '2018-02-14 09:47:57', '2018-02-14', 'staff', '', '', 26, '2018-02-13', 0, '2390'),
(117, 0, 26, 17, 0, 24, 'input', '15000000.0', '10000000.0', 36, '2018-02-14 09:48:22', '2018-02-14', 'staff', '', '', 26, '2018-02-13', 0, '2390'),
(118, 0, 7, 3, 0, 2, 'input', '2400000.0', '1500000.0', 7, '2018-02-15 07:07:57', '2018-02-15', 'staff', '', '', 1, '2018-02-14', 0, '3290'),
(119, 0, 26, 17, 0, 27, 'input', '15.0', '15.0', 37, '2018-02-16 08:52:18', '2018-02-16', 'staff', '', '', 25, '2018-02-15', 0, '8324'),
(120, 0, 26, 17, 0, 22, 'input', '15.0', '15.0', 38, '2018-02-16 08:52:35', '2018-02-16', 'staff', '', '', 25, '2018-02-15', 0, '8324'),
(121, 0, 26, 17, 0, 19, 'input', '16.0', '12.0', 33, '2018-02-16 08:53:26', '2018-02-16', 'staff', '', '', 24, '2018-02-15', 0, '304'),
(122, 0, 26, 17, 0, 20, 'input', '8000000.0', '1500000.0', 34, '2018-02-16 08:53:53', '2018-02-16', 'staff', '', '', 24, '2018-02-15', 0, '304'),
(123, 0, 26, 17, 0, 23, 'input', '15.0', '10.0', 35, '2018-02-16 08:54:34', '2018-02-16', 'staff', '', '', 26, '2018-02-15', 0, '8877'),
(124, 0, 26, 17, 0, 24, 'input', '8000000.0', '3000000.0', 36, '2018-02-16 08:55:09', '2018-02-16', 'staff', '', '', 26, '2018-02-15', 0, '8877'),
(125, 0, 26, 17, 0, 19, 'input', '16.0', '12.0', 33, '2018-02-16 08:55:55', '2018-02-16', 'staff', '', '', 24, '2018-02-15', 0, '304'),
(126, 0, 26, 17, 0, 20, 'input', '4500000.0', '2500000.0', 34, '2018-02-16 08:56:34', '2018-02-16', 'staff', '', '', 24, '2018-02-15', 0, '304'),
(127, 0, 26, 17, 0, 27, 'input', '30.0', '15.0', 37, '2018-02-19 13:13:13', '2018-02-19', 'staff', '', '', 25, '2018-02-19', 0, '8324'),
(128, 0, 26, 17, 0, 22, 'input', '15.0', '8.0', 38, '2018-02-19 13:13:38', '2018-02-19', 'staff', '', '', 25, '2018-02-19', 0, '8324'),
(129, 0, 7, 3, 0, 1, 'input', '100.0', '50.0', 8, '2018-02-19 22:30:17', '2018-02-19', 'staff', '', '', 1, '2018-02-07', 0, '4353'),
(130, 0, 7, 3, 0, 1, 'input', '100.0', '50.0', 8, '2018-02-19 22:45:01', '2018-02-19', 'staff', '', '', 1, '2018-02-07', 0, '4353'),
(131, 0, 7, 3, 0, 1, 'input', '100.0', '50.0', 8, '2018-02-19 22:47:25', '2018-02-19', 'staff', '', '', 1, '2018-02-07', 0, '4353'),
(132, 0, 7, 3, 0, 1, 'input', '100.0', '50.0', 8, '2018-02-19 22:49:10', '2018-02-19', 'staff', '', '', 1, '2018-02-07', 0, '4353'),
(133, 0, 7, 3, 0, 1, 'input', '100.0', '50.0', 8, '2018-02-19 22:53:34', '2018-02-19', 'staff', '', '', 1, '2018-02-07', 0, '4353'),
(134, 0, 26, 17, 0, 19, 'input', '18.0', '12.0', 33, '2018-02-20 08:39:40', '2018-02-20', 'staff', '', '', 24, '2018-02-20', 0, '1918'),
(135, 0, 26, 17, 0, 20, 'input', '2800000.0', '1500000.0', 34, '2018-02-20 08:42:17', '2018-02-20', 'staff', '', '', 24, '2018-02-20', 0, '1918'),
(136, 0, 26, 17, 0, 27, 'input', '15.0', '15.0', 37, '2018-02-20 09:50:36', '2018-02-20', 'staff', '', '', 25, '2018-02-20', 1, '4643'),
(137, 0, 26, 17, 0, 22, 'input', '15.0', '13.0', 38, '2018-02-20 09:50:56', '2018-02-20', 'staff', '', '', 25, '2018-02-20', 0, '4643'),
(138, 0, 26, 17, 0, 23, 'input', '18.0', '10.0', 35, '2018-02-20 09:53:42', '2018-02-20', 'staff', '', '', 26, '2018-02-20', 1, '8729'),
(139, 0, 26, 17, 0, 24, 'input', '8000000.0', '1500000.0', 36, '2018-02-20 09:54:07', '2018-02-20', 'staff', '', '', 26, '2018-02-20', 1, '8729'),
(140, 0, 26, 17, 0, 27, 'input', '18.0', '15.0', 37, '2018-02-20 09:55:25', '2018-02-20', 'staff', '', '', 25, '2018-02-20', 1, '4643'),
(141, 0, 26, 17, 0, 22, 'input', '15.0', '12.0', 38, '2018-02-20 09:55:46', '2018-02-20', 'staff', '', '', 25, '2018-02-20', 1, '4643'),
(142, 0, 26, 17, 0, 23, 'input', '20.0', '14.0', 35, '2018-02-20 09:56:34', '2018-02-20', 'staff', '', '', 26, '2018-02-20', 0, '8729'),
(143, 0, 26, 17, 0, 24, 'input', '9000000.0', '2300000.0', 36, '2018-02-20 09:57:08', '2018-02-20', 'staff', '', '', 26, '2018-02-20', 0, '8729'),
(144, 0, 26, 17, 0, 19, 'input', '15.0', '12.0', 33, '2018-02-20 09:59:15', '2018-02-20', 'staff', '', '', 24, '2018-02-20', 1, '1918'),
(145, 0, 26, 17, 0, 20, 'input', '8000000.0', '1500000.0', 34, '2018-02-20 09:59:37', '2018-02-20', 'staff', '', '', 24, '2018-02-20', 1, '1918'),
(146, 0, 26, 17, 0, 23, 'input', '15.0', '12.0', 35, '2018-02-21 09:08:46', '2018-02-21', 'staff', '', '', 26, '2018-02-21', 1, '9361'),
(147, 0, 26, 17, 0, 24, 'input', '10000000.0', '1200000.0', 36, '2018-02-21 09:09:17', '2018-02-21', 'staff', '', '', 26, '2018-02-21', 1, '9361'),
(148, 0, 26, 17, 0, 42, 'input', '22.0', '15.0', 51, '2018-02-22 08:19:36', '2018-02-22', 'staff', '', '', 49, '2018-02-22', 1, '2403'),
(149, 0, 26, 17, 0, 43, 'input', '15.0', '10.0', 52, '2018-02-22 08:20:24', '2018-02-22', 'staff', '', '', 49, '2018-02-22', 1, '2403'),
(150, 0, 26, 17, 0, 42, 'input', '10.0', '10.0', 51, '2018-02-23 09:22:57', '2018-02-23', 'staff', '', '', 49, '2018-02-23', 1, '2403'),
(151, 0, 26, 17, 0, 43, 'input', '10.0', '10.0', 52, '2018-02-23 09:23:15', '2018-02-23', 'staff', '', '', 49, '2018-02-23', 1, '2403'),
(152, 0, 26, 17, 0, 19, 'input', '20.0', '15.0', 33, '2018-02-23 14:47:52', '2018-02-23', 'staff', '', '', 24, '2018-02-23', 1, '7405'),
(153, 0, 26, 17, 0, 20, 'input', '2500000.0', '1400000.0', 34, '2018-02-23 14:48:23', '2018-02-23', 'staff', '', '', 24, '2018-02-23', 1, '7405'),
(154, 0, 26, 17, 0, 23, 'input', '24.0', '10.0', 35, '2018-02-23 14:49:21', '2018-02-23', 'staff', '', '', 26, '2018-02-23', 1, '7318'),
(155, 0, 26, 17, 0, 24, 'input', '7000000.0', '2000000.0', 36, '2018-02-23 14:49:43', '2018-02-23', 'staff', '', '', 26, '2018-02-23', 1, '7318'),
(156, 0, 26, 17, 0, 23, 'input', '10.0', '10.0', 35, '2018-02-28 09:49:47', '2018-02-28', 'staff', '', '', 26, '2018-02-28', 1, '9826'),
(157, 0, 26, 17, 0, 24, 'input', '4000000.0', '500000.0', 36, '2018-02-28 09:49:48', '2018-02-28', 'staff', '', '', 26, '2018-02-28', 1, '9826'),
(158, 0, 26, 17, 0, 27, 'input', '10.0', '10.0', 37, '2018-02-28 09:50:24', '2018-02-28', 'staff', '', '', 25, '2018-02-28', 1, '2393'),
(159, 0, 26, 17, 0, 22, 'input', '10.0', '8.0', 38, '2018-02-28 09:50:58', '2018-02-28', 'staff', '', '', 25, '2018-02-28', 1, '2393'),
(160, 0, 26, 17, 0, 46, 'input', '15.0', '10.0', 57, '2018-02-28 09:52:16', '2018-02-28', 'staff', '', '', 51, '2018-02-28', 1, '4705'),
(161, 0, 26, 17, 0, 47, 'input', '3000000.0', '1500000.0', 56, '2018-02-28 09:52:52', '2018-02-28', 'staff', '', '', 51, '2018-02-28', 1, '4705'),
(162, 0, 26, 17, 0, 42, 'input', '20.0', '15.0', 51, '2018-02-28 10:03:15', '2018-02-28', 'staff', '', '', 49, '2018-02-28', 1, '9709'),
(163, 0, 26, 17, 0, 43, 'input', '15.0', '10.0', 52, '2018-02-28 10:03:33', '2018-02-28', 'staff', '', '', 49, '2018-02-28', 1, '9709'),
(164, 0, 26, 17, 0, 47, 'input', '2000000.0', '1500000.0', 56, '2018-03-09 07:22:40', '2018-03-09', 'staff', '', '', 51, '2018-03-09', 0, '6865'),
(165, 0, 26, 17, 0, 46, 'input', '15.0', '10.0', 57, '2018-03-09 07:23:21', '2018-03-09', 'staff', '', '', 51, '2018-03-09', 0, '6865'),
(166, 0, 26, 17, 0, 43, 'input', '15.0', '12.0', 52, '2018-03-09 07:23:58', '2018-03-09', 'staff', '', '', 49, '2018-03-09', 1, '8001'),
(167, 0, 26, 17, 0, 42, 'input', '15.0', '13.0', 51, '2018-03-09 07:24:42', '2018-03-09', 'staff', '', '', 49, '2018-03-09', 1, '8001'),
(168, 0, 26, 17, 0, 42, 'input', '15.0', '13.0', 51, '2018-03-09 07:25:05', '2018-03-09', 'staff', '', '', 49, '2018-03-09', 0, '8001'),
(169, 0, 26, 17, 0, 19, 'input', '15.0', '10.0', 33, '2018-03-13 16:43:47', '2018-03-13', 'staff', '', '', 24, '2018-03-13', 1, '2666'),
(170, 0, 26, 17, 0, 20, 'input', '5000000.0', '1000000.0', 34, '2018-03-13 16:44:31', '2018-03-13', 'staff', '', '', 24, '2018-03-13', 1, '2666');

-- --------------------------------------------------------

--
-- Table structure for table `assessment_type`
--

CREATE TABLE `assessment_type` (
  `astyp_id` int(6) NOT NULL,
  `astyp_name` varchar(100) NOT NULL,
  `astyp_discrip` text NOT NULL,
  `astyp_orgcat` int(4) NOT NULL,
  `astyp_org_level` varchar(20) NOT NULL,
  `astyp_formtyp` varchar(15) NOT NULL,
  `registered_at` datetime NOT NULL,
  `org_id` int(11) NOT NULL
) ENGINE=InnoDB DEFAULT CHARSET=latin1;

--
-- Dumping data for table `assessment_type`
--

INSERT INTO `assessment_type` (`astyp_id`, `astyp_name`, `astyp_discrip`, `astyp_orgcat`, `astyp_org_level`, `astyp_formtyp`, `registered_at`, `org_id`) VALUES
(1, 'Staff Assessment', 'Staff assessment for organisation', 4, 'staff-ass', '', '2017-03-15 09:32:53', 2),
(2, 'Department Assessment', 'Department assessment for organisation', 4, 'department', '', '2017-03-15 09:33:59', 2),
(3, 'Unit Assessment', 'Assessment in unit for our organisation', 4, 'unit', '', '2017-03-15 09:40:17', 2),
(14, 'staff assessment 1', '', 3, 'staff-ass', '', '2017-09-03 23:47:36', 8),
(15, 'unit 1', '', 3, 'unit', '', '2017-09-03 23:57:07', 8),
(16, 'department 1', '', 3, 'department', '', '2017-10-08 08:36:48', 8),
(17, 'staff assessment 1', '', 5, 'personal', '', '2017-10-31 12:09:02', 7),
(18, 'Unit Assessment 1', '', 5, 'personal', '', '2017-10-31 12:09:32', 7),
(19, 'Department Assessment 1', '', 5, 'personal', '', '2017-10-31 12:10:03', 7),
(20, 'Department 1', '', 2, 'department', '', '2017-12-14 20:14:30', 2),
(21, 'Departmental 2', '', 4, 'department', '', '2017-12-14 21:08:19', 2),
(22, 'Department 3', '', 1, 'department', '', '2017-12-15 10:05:10', 2),
(23, 'Staff Assessment 2', '', 1, 'staff-ass', '', '2018-01-14 10:12:10', 14),
(24, 'WORKERS ASSESSMENT', '', 6, 'staff-ass', '', '2018-01-16 17:28:49', 12),
(25, 'WORKERS ASSESSMENT', '', 6, 'staff-ass', '', '2018-02-08 07:35:48', 11),
(26, 'Department Measurement', '', 1, 'department', '', '2018-05-17 11:56:56', 14),
(27, 'unit assessment', '', 0, 'unit', '', '2018-05-28 10:51:10', 14),
(28, '', '', 1, 'unit', '', '2018-05-28 10:52:36', 14),
(29, 'Unit Measurement', '', 1, 'unit', '', '2018-05-28 10:53:22', 14),
(30, 'gkhkh', 'jklhjhkjh', 1, 'staff-ass', '0', '2018-06-04 04:08:50', 2);

-- --------------------------------------------------------

--
-- Table structure for table `department`
--

CREATE TABLE `department` (
  `dept_id` int(11) NOT NULL,
  `dept_name` varchar(50) NOT NULL,
  `dept_org` int(11) NOT NULL,
  `linkperson` int(11) NOT NULL,
  `dept_discrip` text NOT NULL,
  `registered_at` datetime NOT NULL
) ENGINE=InnoDB DEFAULT CHARSET=latin1;

--
-- Dumping data for table `department`
--

INSERT INTO `department` (`dept_id`, `dept_name`, `dept_org`, `linkperson`, `dept_discrip`, `registered_at`) VALUES
(1, 'MARKETING', 2, 1, '', '2017-08-02 18:08:44'),
(2, 'Admin', 8, 12, '', '2017-08-12 10:42:38'),
(3, 'Marketing', 8, 9, '', '2017-08-12 10:46:35'),
(5, 'Administration', 7, 0, '', '2017-10-27 20:44:51'),
(6, 'Customer Service ', 7, 0, '', '2017-10-27 20:46:33'),
(7, 'Productivity Prices and Incomes', 8, 22, 'Productivity Prices and Incomes', '2017-12-13 10:05:06'),
(8, 'License production', 2, 0, '', '2017-12-14 20:07:53'),
(9, 'The Pastorate', 8, 0, '', '2017-12-26 22:36:21'),
(10, 'Evangelism', 8, 0, '', '2017-12-26 22:36:39'),
(11, 'Chior', 8, 0, '', '2017-12-26 22:37:00'),
(12, 'Ushering ', 8, 0, '', '2017-12-26 22:37:48'),
(13, 'MARKETING ', 14, 0, '', '2018-01-12 11:54:46'),
(14, 'Operations', 14, 0, '', '2018-01-12 11:55:03'),
(15, 'Human Resource', 14, 0, '', '2018-01-12 11:55:31'),
(16, 'Internal Control', 14, 0, '', '2018-01-12 11:57:53'),
(17, 'Loan Recovery', 14, 0, '', '2018-01-12 11:58:46'),
(18, 'PASTORATE', 12, 0, 'PASTORS IN THE CHURCH', '2018-01-16 13:45:57'),
(19, 'CHOIR', 12, 0, 'CHOIRISTERS', '2018-01-16 13:46:32'),
(20, 'USHERS', 12, 0, '', '2018-01-16 13:48:44'),
(21, 'GREETERS', 12, 0, '', '2018-01-16 13:50:48'),
(22, 'DRAMA', 12, 0, '', '2018-01-16 13:51:09'),
(25, 'OFFICE OF THE SENIOR PASTOR', 12, 0, '', '2018-01-16 14:01:18'),
(26, 'MEDIA', 12, 0, '', '2018-01-16 14:01:28'),
(27, 'SOUND', 12, 0, '', '2018-01-16 14:01:42'),
(28, 'SECURITY', 12, 0, '', '2018-01-16 14:01:58'),
(29, 'SANCTUARY KEEPERS', 12, 0, '', '2018-01-16 14:02:24'),
(30, 'ENVANGELISM', 12, 0, '', '2018-01-16 14:02:55'),
(31, 'FOLLOW UP', 12, 0, '', '2018-01-16 14:03:06'),
(32, 'CHILDREN DEPARTMENT', 12, 0, '', '2018-01-16 14:03:24'),
(33, 'PASTORATE', 11, 0, '', '2018-02-06 12:23:04'),
(34, 'USHERING', 11, 0, '', '2018-02-06 12:23:35'),
(35, 'CHOIR', 11, 0, '', '2018-02-06 12:24:30'),
(36, 'ADMIN', 11, 0, '', '2018-02-06 12:24:44'),
(37, 'OUTREACH', 11, 0, '', '2018-02-06 12:25:11'),
(38, 'PASTOR OFFICE', 11, 0, '', '2018-02-06 12:37:59');

-- --------------------------------------------------------

--
-- Table structure for table `hours_worked`
--

CREATE TABLE `hours_worked` (
  `id` int(10) NOT NULL,
  `user` int(11) NOT NULL,
  `wdate` date NOT NULL,
  `whours_expected` decimal(4,0) NOT NULL,
  `whours_used` decimal(5,2) NOT NULL,
  `wdaysexpected` int(11) NOT NULL,
  `wdaysused` int(11) NOT NULL,
  `w_index` int(20) NOT NULL,
  `ass_id` int(11) NOT NULL,
  `ass_kpi` int(11) NOT NULL
) ENGINE=InnoDB DEFAULT CHARSET=latin1;

-- --------------------------------------------------------

--
-- Table structure for table `hours_worked_supervisor`
--

CREATE TABLE `hours_worked_supervisor` (
  `id` int(10) NOT NULL,
  `user` int(11) NOT NULL,
  `wdate` date NOT NULL,
  `whours_expected` decimal(4,0) NOT NULL,
  `whours_used` decimal(5,2) NOT NULL,
  `wdaysexpected` int(11) NOT NULL,
  `wdaysused` int(11) NOT NULL,
  `w_index` int(20) NOT NULL,
  `ass_id` int(11) NOT NULL,
  `ass_kpi` int(11) NOT NULL
) ENGINE=InnoDB DEFAULT CHARSET=latin1;

--
-- Dumping data for table `hours_worked_supervisor`
--

INSERT INTO `hours_worked_supervisor` (`id`, `user`, `wdate`, `whours_expected`, `whours_used`, `wdaysexpected`, `wdaysused`, `w_index`, `ass_id`, `ass_kpi`) VALUES
(1, 7, '2017-09-06', '8', '8.00', 1, 1, 0, 1, 1),
(2, 7, '2017-09-06', '8', '8.00', 1, 1, 0, 2, 1),
(3, 7, '2017-10-05', '8', '8.00', 1, 1, 0, 3, 1),
(4, 7, '2017-10-05', '8', '8.00', 1, 1, 0, 4, 1),
(5, 7, '2017-10-05', '8', '8.00', 1, 1, 0, 5, 1),
(6, 7, '2017-10-05', '8', '8.00', 1, 1, 0, 6, 1),
(7, 7, '2017-10-05', '8', '8.00', 1, 1, 0, 7, 1),
(8, 7, '2017-10-05', '8', '8.00', 1, 1, 0, 8, 1),
(9, 7, '2017-10-05', '8', '8.00', 1, 1, 0, 9, 1),
(10, 7, '2017-10-05', '8', '8.00', 1, 1, 0, 10, 1),
(11, 7, '2017-10-07', '8', '8.00', 1, 1, 0, 11, 1),
(12, 7, '2017-10-07', '8', '8.00', 1, 1, 0, 12, 1),
(13, 1, '2017-10-08', '8', '8.00', 1, 1, 0, 13, 1),
(14, 1, '2017-10-08', '8', '8.00', 1, 1, 0, 14, 1),
(15, 1, '2017-10-08', '8', '8.00', 1, 1, 0, 15, 1),
(16, 1, '2017-10-08', '8', '8.00', 1, 1, 0, 16, 1),
(17, 7, '2017-10-08', '8', '8.00', 1, 1, 0, 17, 1),
(18, 7, '2017-10-18', '10', '3.00', 1, 1, 0, 18, 1),
(19, 7, '2017-10-18', '8', '8.00', 1, 1, 0, 19, 1),
(20, 7, '2017-11-01', '8', '8.00', 1, 1, 0, 20, 5),
(21, 7, '2017-11-01', '8', '8.00', 1, 1, 0, 21, 5),
(22, 7, '2017-11-02', '8', '8.00', 1, 1, 0, 22, 1),
(23, 7, '2017-11-02', '8', '8.00', 1, 1, 0, 23, 1),
(24, 7, '2017-11-19', '8', '8.00', 1, 1, 0, 24, 5),
(25, 7, '2017-11-19', '8', '8.00', 1, 1, 0, 25, 5),
(26, 7, '2017-11-28', '8', '8.00', 1, 1, 0, 26, 1),
(27, 7, '2017-11-28', '8', '8.00', 1, 1, 0, 27, 1),
(28, 1, '2017-11-28', '8', '8.00', 1, 1, 0, 28, 1),
(29, 1, '2017-11-28', '8', '8.00', 1, 1, 0, 29, 1),
(30, 1, '2017-11-28', '8', '8.00', 1, 1, 0, 30, 1),
(31, 1, '2017-11-28', '8', '8.00', 1, 1, 0, 31, 1),
(32, 7, '2017-12-05', '8', '8.00', 1, 1, 0, 32, 1),
(33, 7, '2017-12-05', '8', '8.00', 1, 1, 0, 33, 1),
(34, 7, '2017-12-05', '8', '12.00', 1, 1, 0, 34, 1),
(35, 7, '2017-12-05', '8', '12.00', 1, 1, 0, 35, 1),
(36, 7, '2017-12-05', '8', '8.00', 1, 1, 0, 36, 1),
(37, 7, '2017-12-06', '8', '8.00', 1, 1, 0, 37, 1),
(38, 7, '2017-12-06', '8', '8.00', 1, 1, 0, 38, 1),
(39, 7, '2017-12-13', '10', '12.00', 1, 1, 0, 39, 1),
(40, 7, '2017-12-19', '2', '2.00', 1, 1, 0, 40, 1),
(41, 7, '2017-12-19', '2', '2.00', 1, 1, 0, 41, 1),
(42, 28, '2018-01-16', '8', '8.00', 1, 1, 0, 42, 25),
(43, 26, '2018-01-16', '8', '8.00', 1, 1, 0, 43, 24),
(44, 26, '2018-01-16', '8', '8.00', 1, 1, 0, 44, 24),
(45, 26, '2018-01-17', '8', '8.00', 1, 1, 0, 45, 24),
(46, 26, '2018-01-17', '8', '8.00', 1, 1, 0, 46, 24),
(47, 26, '2018-01-17', '8', '8.00', 1, 1, 0, 47, 26),
(48, 26, '2018-01-17', '8', '8.00', 1, 1, 0, 48, 26),
(49, 26, '2018-01-17', '8', '8.00', 1, 1, 0, 49, 24),
(50, 26, '2018-01-17', '8', '8.00', 1, 1, 0, 50, 24),
(51, 26, '2018-01-17', '8', '8.00', 1, 1, 0, 51, 26),
(52, 26, '2018-01-17', '8', '8.00', 1, 1, 0, 52, 26),
(53, 26, '2018-01-17', '8', '8.00', 1, 1, 0, 53, 25),
(54, 26, '2018-01-17', '4', '9.00', 1, 1, 0, 54, 25),
(55, 26, '2018-01-17', '8', '8.00', 1, 1, 0, 55, 24),
(56, 26, '2018-01-19', '8', '8.00', 1, 1, 0, 56, 24),
(57, 26, '2018-01-19', '8', '8.00', 1, 1, 0, 57, 24),
(58, 26, '2018-01-19', '8', '8.00', 1, 1, 0, 58, 24),
(59, 26, '2018-01-19', '8', '8.00', 1, 1, 0, 59, 24),
(60, 26, '2018-01-19', '8', '8.00', 1, 1, 0, 60, 26),
(61, 26, '2018-01-19', '8', '8.00', 1, 1, 0, 61, 26),
(62, 26, '2018-01-19', '8', '8.00', 1, 1, 0, 62, 25),
(63, 26, '2018-01-19', '8', '8.00', 1, 1, 0, 63, 25),
(64, 39, '2018-01-19', '8', '8.00', 2, 2, 0, 64, 36),
(65, 39, '2018-01-19', '8', '8.00', 2, 2, 0, 65, 36),
(66, 39, '2018-01-19', '8', '8.00', 4, 4, 0, 66, 37),
(67, 39, '2018-01-19', '8', '8.00', 4, 4, 0, 67, 37),
(68, 39, '2018-01-19', '8', '8.00', 1, 1, 0, 68, 27),
(69, 39, '2018-01-19', '8', '8.00', 1, 1, 0, 69, 27),
(70, 39, '2018-01-19', '8', '8.00', 1, 1, 0, 70, 28),
(71, 39, '2018-01-19', '8', '8.00', 1, 1, 0, 71, 28),
(72, 39, '2018-01-24', '2', '2.00', 1, 1, 0, 72, 27),
(73, 39, '2018-01-24', '2', '2.00', 1, 1, 0, 73, 27),
(74, 39, '2018-01-24', '2', '2.00', 1, 1, 0, 74, 27),
(75, 39, '2018-01-24', '2', '2.00', 1, 1, 0, 75, 27),
(76, 39, '2018-01-24', '2', '2.00', 1, 1, 0, 76, 27),
(77, 39, '2018-01-24', '2', '2.00', 1, 1, 0, 77, 27),
(78, 39, '2018-01-28', '2', '2.00', 1, 1, 0, 78, 27),
(79, 39, '2018-01-28', '2', '2.00', 1, 1, 0, 79, 27),
(80, 39, '2018-01-29', '2', '2.00', 1, 1, 0, 80, 27),
(81, 39, '2018-01-29', '2', '2.00', 1, 1, 0, 81, 27),
(82, 26, '2018-02-14', '8', '8.00', 1, 1, 0, 82, 25),
(83, 26, '2018-02-14', '8', '8.00', 1, 1, 0, 83, 25),
(84, 26, '2018-02-14', '8', '8.00', 1, 1, 0, 84, 24),
(85, 26, '2018-02-14', '8', '8.00', 1, 1, 0, 85, 24),
(86, 26, '2018-02-14', '8', '8.00', 1, 1, 0, 86, 26),
(87, 26, '2018-02-14', '8', '8.00', 1, 1, 0, 87, 26),
(88, 26, '2018-02-14', '8', '8.00', 1, 1, 0, 88, 25),
(89, 26, '2018-02-14', '8', '8.00', 1, 1, 0, 89, 25),
(90, 26, '2018-02-14', '8', '8.00', 1, 1, 0, 90, 26),
(91, 26, '2018-02-14', '8', '8.00', 1, 1, 0, 91, 26),
(92, 26, '2018-02-14', '8', '8.00', 1, 1, 0, 92, 26),
(93, 26, '2018-02-14', '8', '8.00', 1, 1, 0, 93, 26),
(94, 26, '2018-02-14', '8', '8.00', 1, 1, 0, 94, 24),
(95, 26, '2018-02-14', '8', '8.00', 1, 1, 0, 95, 24),
(96, 26, '2018-02-14', '8', '8.00', 1, 1, 0, 96, 25),
(97, 26, '2018-02-14', '8', '8.00', 1, 1, 0, 97, 25),
(98, 26, '2018-02-14', '8', '8.00', 1, 1, 0, 98, 24),
(99, 26, '2018-02-14', '8', '8.00', 1, 1, 0, 99, 24),
(100, 26, '2018-02-14', '8', '8.00', 1, 1, 0, 100, 26),
(101, 26, '2018-02-14', '8', '8.00', 1, 1, 0, 101, 26),
(102, 26, '2018-02-14', '8', '8.00', 1, 1, 0, 102, 26),
(103, 26, '2018-02-14', '8', '8.00', 1, 1, 0, 103, 26),
(104, 26, '2018-02-14', '8', '8.00', 1, 1, 0, 104, 26),
(105, 26, '2018-02-14', '8', '8.00', 1, 1, 0, 105, 26),
(106, 26, '2018-02-14', '8', '8.00', 1, 1, 0, 106, 25),
(107, 26, '2018-02-14', '8', '8.00', 1, 1, 0, 107, 25),
(108, 26, '2018-02-14', '8', '8.00', 1, 1, 0, 108, 25),
(109, 26, '2018-02-14', '8', '8.00', 1, 1, 0, 109, 25),
(110, 26, '2018-02-14', '8', '8.00', 1, 1, 0, 110, 26),
(111, 26, '2018-02-14', '8', '8.00', 1, 1, 0, 111, 26),
(112, 26, '2018-02-14', '8', '8.00', 1, 1, 0, 112, 24),
(113, 26, '2018-02-14', '8', '8.00', 1, 1, 0, 113, 24),
(114, 26, '2018-02-14', '8', '8.00', 1, 1, 0, 114, 24),
(115, 26, '2018-02-14', '8', '8.00', 1, 1, 0, 115, 24),
(116, 26, '2018-02-14', '8', '8.00', 1, 1, 0, 116, 26),
(117, 26, '2018-02-14', '8', '8.00', 1, 1, 0, 117, 26),
(118, 7, '2018-02-15', '8', '8.00', 1, 1, 0, 118, 1),
(119, 26, '2018-02-16', '8', '8.00', 1, 1, 0, 119, 25),
(120, 26, '2018-02-16', '8', '8.00', 1, 1, 0, 120, 25),
(121, 26, '2018-02-16', '8', '8.00', 1, 1, 0, 121, 24),
(122, 26, '2018-02-16', '8', '8.00', 1, 1, 0, 122, 24),
(123, 26, '2018-02-16', '8', '8.00', 1, 1, 0, 123, 26),
(124, 26, '2018-02-16', '8', '8.00', 1, 1, 0, 124, 26),
(125, 26, '2018-02-16', '8', '8.00', 1, 1, 0, 125, 24),
(126, 26, '2018-02-16', '8', '8.00', 1, 1, 0, 126, 24),
(127, 26, '2018-02-19', '8', '8.00', 1, 1, 0, 127, 25),
(128, 26, '2018-02-19', '8', '8.00', 1, 1, 0, 128, 25),
(129, 7, '2018-02-19', '2', '2.00', 1, 1, 0, 129, 1),
(130, 7, '2018-02-19', '2', '2.00', 1, 1, 0, 130, 1),
(131, 7, '2018-02-19', '2', '2.00', 1, 1, 0, 131, 1),
(132, 7, '2018-02-19', '2', '2.00', 1, 1, 0, 132, 1),
(133, 7, '2018-02-19', '2', '2.00', 1, 1, 0, 133, 1),
(134, 26, '2018-02-20', '8', '8.00', 1, 1, 0, 134, 24),
(135, 26, '2018-02-20', '8', '8.00', 1, 1, 0, 135, 24),
(136, 26, '2018-02-20', '8', '8.00', 1, 1, 0, 136, 25),
(137, 26, '2018-02-20', '8', '8.00', 1, 1, 0, 137, 25),
(138, 26, '2018-02-20', '8', '8.00', 1, 1, 0, 138, 26),
(139, 26, '2018-02-20', '8', '8.00', 1, 1, 0, 139, 26),
(140, 26, '2018-02-20', '8', '8.00', 1, 1, 0, 140, 25),
(141, 26, '2018-02-20', '8', '8.00', 1, 1, 0, 141, 25),
(142, 26, '2018-02-20', '8', '8.00', 1, 1, 0, 142, 26),
(143, 26, '2018-02-20', '8', '8.00', 1, 1, 0, 143, 26),
(144, 26, '2018-02-20', '8', '8.00', 1, 1, 0, 144, 24),
(145, 26, '2018-02-20', '8', '8.00', 1, 1, 0, 145, 24),
(146, 26, '2018-02-21', '8', '8.00', 1, 1, 0, 146, 26),
(147, 26, '2018-02-21', '8', '8.00', 1, 1, 0, 147, 26),
(148, 26, '2018-02-22', '8', '8.00', 1, 1, 0, 148, 49),
(149, 26, '2018-02-22', '8', '8.00', 1, 1, 0, 149, 49),
(150, 26, '2018-02-23', '8', '8.00', 1, 1, 0, 150, 49),
(151, 26, '2018-02-23', '8', '8.00', 1, 1, 0, 151, 49),
(152, 26, '2018-02-23', '8', '8.00', 1, 1, 0, 152, 24),
(153, 26, '2018-02-23', '8', '8.00', 1, 1, 0, 153, 24),
(154, 26, '2018-02-23', '8', '8.00', 1, 1, 0, 154, 26),
(155, 26, '2018-02-23', '8', '8.00', 1, 1, 0, 155, 26),
(156, 26, '2018-02-28', '8', '8.00', 1, 1, 0, 156, 26),
(157, 26, '2018-02-28', '8', '8.00', 1, 1, 0, 157, 26),
(158, 26, '2018-02-28', '8', '8.00', 1, 1, 0, 158, 25),
(159, 26, '2018-02-28', '8', '8.00', 1, 1, 0, 159, 25),
(160, 26, '2018-02-28', '8', '8.00', 1, 1, 0, 160, 51),
(161, 26, '2018-02-28', '8', '8.00', 1, 1, 0, 161, 51),
(162, 26, '2018-02-28', '8', '8.00', 1, 1, 0, 162, 49),
(163, 26, '2018-02-28', '8', '8.00', 1, 1, 0, 163, 49),
(164, 26, '2018-03-09', '8', '8.00', 1, 1, 0, 164, 51),
(165, 26, '2018-03-09', '8', '8.00', 1, 1, 0, 165, 51),
(166, 26, '2018-03-09', '8', '8.00', 1, 1, 0, 166, 49),
(167, 26, '2018-03-09', '8', '8.00', 1, 1, 0, 167, 49),
(168, 26, '2018-03-09', '8', '8.00', 1, 1, 0, 168, 49),
(169, 26, '2018-03-13', '8', '8.00', 1, 1, 0, 169, 24),
(170, 26, '2018-03-13', '8', '8.00', 1, 1, 0, 170, 24);

-- --------------------------------------------------------

--
-- Table structure for table `kpi`
--

CREATE TABLE `kpi` (
  `kpi_id` int(6) NOT NULL,
  `kpi_name` varchar(100) NOT NULL,
  `kpi_discrip` text NOT NULL,
  `kpi_routine` varchar(20) NOT NULL,
  `registered_at` datetime NOT NULL,
  `org_id` int(11) NOT NULL,
  `lasttimelinksent` datetime NOT NULL
) ENGINE=InnoDB DEFAULT CHARSET=latin1;

--
-- Dumping data for table `kpi`
--

INSERT INTO `kpi` (`kpi_id`, `kpi_name`, `kpi_discrip`, `kpi_routine`, `registered_at`, `org_id`, `lasttimelinksent`) VALUES
(2, 'Training staff', '', 'daily', '2017-08-12 11:58:06', 8, '2018-05-23 03:15:14'),
(3, 'making shirts', '', 'weekly', '2017-10-09 12:48:51', 8, '2017-11-25 02:32:06'),
(4, 'selling shoes', '', 'monthly', '2017-10-09 12:49:23', 8, '2017-12-16 03:38:31'),
(5, 'SALES OF TYRES', '', 'daily', '2017-10-30 20:59:17', 8, '2018-05-23 03:15:14'),
(6, 'REACHING NEW CONSTUMERS', '', 'weekly', '2017-10-31 12:12:07', 7, '0000-00-00 00:00:00'),
(7, 'ATTENDING TO CONSTUMERS', '', 'weekly', '2017-10-31 12:12:51', 7, '0000-00-00 00:00:00'),
(8, 'Costumers follow up', '', 'weekly', '2017-10-31 12:17:11', 7, '0000-00-00 00:00:00'),
(9, 'Product selling', '', 'weekly', '2017-10-31 12:37:04', 7, '0000-00-00 00:00:00'),
(10, 'Park Marketing', '', 'weekly', '2017-10-31 12:41:01', 7, '0000-00-00 00:00:00'),
(11, 'Neighborhood Estate Marketing', '', 'weekly', '2017-10-31 13:49:10', 7, '0000-00-00 00:00:00'),
(12, 'Image Consulting', '', 'weekly', '2017-11-08 07:27:48', 7, '0000-00-00 00:00:00'),
(14, 'production of driving license', '', 'daily', '2017-12-14 20:16:07', 2, '0000-00-00 00:00:00'),
(15, 'license verification', '', 'daily', '2017-12-14 21:15:12', 2, '0000-00-00 00:00:00'),
(16, 'Church Growth', '', 'daily', '2017-12-26 22:03:55', 8, '2018-05-23 03:15:14'),
(17, 'Outreach Rate', '', 'daily', '2017-12-26 22:04:28', 8, '2018-05-23 03:15:14'),
(18, 'SONG MINISTRATION', '', 'weekly', '2017-12-26 22:07:29', 8, '0000-00-00 00:00:00'),
(19, 'offering', '', 'weekly', '2017-12-26 22:11:05', 8, '0000-00-00 00:00:00'),
(20, 'Tithe', '', 'weekly', '2017-12-26 22:11:23', 8, '0000-00-00 00:00:00'),
(21, 'follow up', '', 'daily', '2017-12-26 22:20:05', 8, '2018-05-23 03:15:14'),
(22, 'Marketing vehicle insurance', '', 'daily', '2017-12-29 08:27:19', 8, '2018-05-23 03:15:14'),
(24, 'Marketing 24 hours sharp loan', '', 'daily', '2018-01-14 10:14:49', 14, '2018-05-23 03:15:21'),
(25, 'Tellers', '', 'daily', '2018-01-14 10:15:20', 14, '2018-05-23 03:15:21'),
(26, 'loan recovery', '', 'daily', '2018-01-14 10:15:40', 14, '2018-05-23 03:15:22'),
(27, 'CHURCH TARGET GROWTH', '', 'daily', '2018-01-16 17:49:20', 12, '2018-05-23 03:15:15'),
(28, 'OUTREACH PRODUCTIVITY', '', 'daily', '2018-01-16 17:51:34', 12, '2018-05-23 03:15:16'),
(29, 'SOUL WINNING PRODUCTIVITY', '', 'daily', '2018-01-16 17:52:12', 12, '2018-05-23 03:15:17'),
(30, 'FOLLOW UP OF FIRST TIMERS', '', 'daily', '2018-01-16 17:52:47', 12, '2018-05-23 03:15:17'),
(31, 'FOLLOW UP OF OLD TIMERS', '', 'daily', '2018-01-16 17:53:39', 12, '2018-05-23 03:15:17'),
(32, 'FOLLOW UP OF OLD TIMERS - VISITATION', '', 'daily', '2018-01-16 17:54:28', 12, '2018-05-23 03:15:19'),
(33, 'FOLLOW UP OF NEW TIMERS - CALLS', '', 'daily', '2018-01-16 17:56:04', 12, '2018-05-23 03:15:19'),
(34, 'SANCTUARY CLEANING', '', 'weekly', '2018-01-16 17:58:01', 12, '0000-00-00 00:00:00'),
(35, 'CHRISTIAN EDUCATION - NEW CONVERTS TRAINING', '', 'daily', '2018-01-16 18:33:32', 0, '0000-00-00 00:00:00'),
(36, 'CHRISTIAN EDUCATION - NEW CONVERTS TRAINING', '', 'daily', '2018-01-16 18:36:38', 12, '2018-05-23 03:15:20'),
(37, 'CHRISTIAN EDUCATION - WOULD BE WORKERS TRAINING', '', 'daily', '2018-01-16 18:37:13', 12, '2018-05-23 03:15:20'),
(38, 'CELL FELLOWSHIP - GROWTH OF CELLS', '', 'daily', '2018-01-16 18:39:12', 12, '2018-05-23 03:15:20'),
(39, 'CHURCH GROWTH', '', 'weekly', '2018-02-09 10:49:06', 11, '0000-00-00 00:00:00'),
(40, 'OUTREACH PRODUCTIVITY', '', 'weekly', '2018-02-09 10:49:37', 11, '0000-00-00 00:00:00'),
(41, 'SOUL WINNING PRODUCTIVITY', '', 'weekly', '2018-02-09 10:50:40', 11, '0000-00-00 00:00:00'),
(42, 'CHRISTIAN EDUCATION - NEW CONVERTS', '', 'weekly', '2018-02-09 10:51:39', 11, '0000-00-00 00:00:00'),
(43, 'CHRISTIAN EDUCATION - WOULD BE WORKERS', '', 'weekly', '2018-02-09 10:52:10', 11, '0000-00-00 00:00:00'),
(44, 'CELL FELLOWSHIP - EVANGELISM', '', 'weekly', '2018-02-09 10:52:39', 11, '0000-00-00 00:00:00'),
(45, 'Cell Fellowship- Growth of Cells', '', 'weekly', '2018-02-09 10:53:39', 11, '0000-00-00 00:00:00'),
(46, 'Training', '', 'weekly', '2018-02-13 08:47:09', 14, '0000-00-00 00:00:00'),
(47, 'Profitability', '', 'weekly', '2018-02-13 09:08:42', 14, '0000-00-00 00:00:00'),
(48, 'Product Development', '', 'weekly', '2018-02-13 09:10:32', 14, '0000-00-00 00:00:00'),
(49, 'REGISTRATION', '', 'daily', '2018-02-21 09:59:23', 14, '2018-05-23 03:15:23'),
(50, 'SAVINGS', '', 'daily', '2018-02-21 10:00:29', 14, '2018-05-23 03:15:23'),
(51, 'DISBURSEMENT', '', 'daily', '2018-02-21 10:00:54', 14, '2018-05-23 03:15:24'),
(52, 'QUIT', '', 'daily', '2018-02-21 10:03:00', 14, '2018-05-23 03:15:24'),
(53, 'DEFAULT', '', 'daily', '2018-02-21 10:05:01', 14, '2018-05-23 03:15:25');

-- --------------------------------------------------------

--
-- Table structure for table `organization`
--

CREATE TABLE `organization` (
  `org_id` int(11) NOT NULL,
  `org_name` varchar(100) NOT NULL,
  `org_email` varchar(50) NOT NULL,
  `org_admin` varchar(100) NOT NULL,
  `org_phone` varchar(50) NOT NULL,
  `org_category` mediumint(4) NOT NULL,
  `org_address` varchar(200) NOT NULL,
  `registered_at` datetime NOT NULL,
  `org_location` mediumint(3) NOT NULL,
  `org_license_key` varchar(50) DEFAULT NULL,
  `org_license_status` int(11) NOT NULL
) ENGINE=InnoDB DEFAULT CHARSET=latin1;

--
-- Dumping data for table `organization`
--

INSERT INTO `organization` (`org_id`, `org_name`, `org_email`, `org_admin`, `org_phone`, `org_category`, `org_address`, `registered_at`, `org_location`, `org_license_key`, `org_license_status`) VALUES
(2, 'Demo Limited', 'demo@vadsoft.com.ng', 'Demo Limited', '08033916831', 2, 'No. 4 J F Kennedy Street, Asokoro', '2018-06-04 02:27:19', 12, '2017GV12WCIWD2GLD', 1),
(5, 'Demo Nigeria Limited', 'sammylove20@yahoo.com', 'Samuel Eghieye', '08033916831', 4, 'J.F Kennedy Street, Asokoro', '2017-08-02 12:00:25', 2, '2017BGB0MU1MPGGI1', 1),
(7, 'ERRIT HADEM', 'emmiechristie2@gmail.com', 'ERRIT HADEM', '08030827888', 0, '1st avenue by LG building', '2017-08-09 15:34:31', 0, '2017MQM4J6AZD3SLB', 1),
(8, 'LANDLOCKED PROPERTIES', 'sammylove20@yahoo.com', 'chinedu', '08033916831', 3, 'Asokoro Abuja', '2017-08-12 10:34:06', 2, '2017FVXXSA41SVJG1', 1),
(9, 'THE BAPTIZING CHURCH', 'oesroconsult@gmail.com', 'THE BAPTIZING CHURCH', '08033916831', 6, 'Asokoro , Abuja', '2017-12-18 10:08:52', 2, '20170V0MDGJFQU4HL', 0),
(10, 'Test Organisation', 'dkdimgba@gmail.com', 'Test User', '07037293965', 2, 'Enspire incubator c/o nepza hq, #2 zambezi crescent off aguiyi ironsi way, maitama, abuja', '2017-12-18 15:44:35', 3, '20170OPD1QYFJEPEK', 0),
(11, 'Threshing Floor Ministry', 'sammylove20@yahoo.com', 'Threshing Floor', '08030827888', 6, 'kpeyegi', '2017-12-19 06:13:06', 1, '2017BEOFTPI3HHF4R', 1),
(12, 'Demo Church', 'oesroconsult@gmail.com', 'Life Church', '08030827888', 6, 'Asokoro ', '2018-01-12 11:42:13', 2, '2018IXBOTMAN1IJ5B', 1),
(13, 'DEMO INSURANCE', 'eghieyesamuel@gmail.com', 'INSURANCE COMPANY', '08036086824', 7, 'GARKI', '2018-01-12 11:47:21', 16, '2018RUUXQZFG2S3HD', 1),
(14, 'DEMO MICRO FINANCE', 'oesroconsult@gmail.com', 'MICRO FINANCE BANK DEMO', '08054572452', 1, 'KARU', '2018-01-12 11:51:58', 1, '20181DQ6XD6Q01JI6', 1);

-- --------------------------------------------------------

--
-- Table structure for table `organization_admin`
--

CREATE TABLE `organization_admin` (
  `user_id` tinyint(3) NOT NULL,
  `user_fullname` varchar(200) NOT NULL,
  `user_email` varchar(50) NOT NULL,
  `user_pass` varchar(1000) NOT NULL,
  `user_last_login` varchar(30) NOT NULL,
  `user_org` varchar(3) NOT NULL
) ENGINE=InnoDB DEFAULT CHARSET=latin1;

--
-- Dumping data for table `organization_admin`
--

INSERT INTO `organization_admin` (`user_id`, `user_fullname`, `user_email`, `user_pass`, `user_last_login`, `user_org`) VALUES
(1, 'Demo Limited', 'demo@vadsoft.com.ng', '$2y$10$b1eKdIJcUsaaSNi3jnAA5uJdNjKMj3I9ubaWqhuDFioEqr8dzdIaS', '1488547612', '2'),
(2, 'Samuel Eghieye', 'sammylove20@yahoo.com', '$2y$10$b1eKdIJcUsaaSNi3jnAA5uJdNjKMj3I9ubaWqhuDFioEqr8dzdIaS', '1501848696', '5'),
(3, 'Emiola Adetunji-Mustapha', 'emmiechristie2@gmail.com', '9bffd0ec49f4e22bfadccb63665fc235', '1502288867', '7'),
(4, 'John', 'sammylove20@yahoo.com', 'fb21f1330ba95cca0d061280a45a931c', '1502530662', '8'),
(5, 'Threshing Floor Ministry', 'pstezimenauchenunu@gmail.com', '9657b842934f4f68bbfa01828fbfc993', '1513689773', '11'),
(6, 'LIFE CHURCH', 'fridayokpoto29@gmail.com', 'f5f3ae535dd589de06ed234bc2b4a042', '1515757532', '12'),
(7, 'INSURANCE DEMO', 'oesroconsult@gmail.com', 'f5f3ae535dd589de06ed234bc2b4a042', '1515757786', '13'),
(8, 'NEW MICRO FINANCE BANK', 'ogorotomkey@gmail.com', 'f5f3ae535dd589de06ed234bc2b4a042', '1515758050', '14');

-- --------------------------------------------------------

--
-- Table structure for table `organization_category`
--

CREATE TABLE `organization_category` (
  `cat_id` int(4) NOT NULL,
  `cat_name` varchar(30) NOT NULL,
  `cat_discrip` text NOT NULL,
  `registered_at` datetime NOT NULL
) ENGINE=InnoDB DEFAULT CHARSET=latin1;

--
-- Dumping data for table `organization_category`
--

INSERT INTO `organization_category` (`cat_id`, `cat_name`, `cat_discrip`, `registered_at`) VALUES
(1, 'Banking', '', '2017-03-03 11:54:48'),
(2, 'Public Service', '', '2017-03-03 11:55:27'),
(3, 'Finance', '', '2017-03-03 11:55:43'),
(4, 'Information Technology', '', '2017-03-03 11:56:06'),
(5, 'Clothing', '', '2017-04-10 16:34:52'),
(6, 'Religious Organisation', 'Church', '2017-12-18 10:04:16'),
(7, 'Insurance', '', '2018-01-12 11:40:23');

-- --------------------------------------------------------

--
-- Table structure for table `personality`
--

CREATE TABLE `personality` (
  `id` int(11) NOT NULL,
  `pname` varchar(100) NOT NULL,
  `slug` varchar(100) NOT NULL,
  `discrip` text NOT NULL,
  `value` decimal(5,1) NOT NULL,
  `registered_at` datetime NOT NULL
) ENGINE=InnoDB DEFAULT CHARSET=latin1;

-- --------------------------------------------------------

--
-- Table structure for table `project`
--

CREATE TABLE `project` (
  `project_id` int(11) NOT NULL,
  `project_title` varchar(1000) NOT NULL,
  `project_start_date` varchar(70) NOT NULL,
  `project_end_date` varchar(70) NOT NULL,
  `project_location` varchar(50) NOT NULL,
  `project_description` text NOT NULL,
  `project_org` int(11) NOT NULL,
  `project_initiator` varchar(255) NOT NULL,
  `project_executor` varchar(255) NOT NULL,
  `registered_at` varchar(50) NOT NULL,
  `project_linkperson` int(11) NOT NULL
) ENGINE=InnoDB DEFAULT CHARSET=latin1;

--
-- Dumping data for table `project`
--

INSERT INTO `project` (`project_id`, `project_title`, `project_start_date`, `project_end_date`, `project_location`, `project_description`, `project_org`, `project_initiator`, `project_executor`, `registered_at`, `project_linkperson`) VALUES
(1, 'lsdgkl', '2018-06-15', '2018-12-01', 'ldkflsdk', 'djfdslflsd kflsdfk', 2, 'oeioei', 'sadisaodi', '2018-06-04 03:59:45', 1),
(2, 'ajsjkj', '2018-06-07', '2018-06-15', 'jsadkjd', 'assakjsksaj', 2, 'dssdkj', 'jkdjdskjd', '2018-06-04 04:04:35', 3);

-- --------------------------------------------------------

--
-- Table structure for table `staff`
--

CREATE TABLE `staff` (
  `sta_id` int(11) NOT NULL,
  `sta_number` varchar(100) NOT NULL,
  `sta_fname` varchar(20) NOT NULL,
  `sta_lname` varchar(20) NOT NULL,
  `sta_dept` int(6) NOT NULL,
  `sta_org` int(6) NOT NULL,
  `sta_email` varchar(100) NOT NULL,
  `sta_phone` varchar(30) NOT NULL,
  `sta_sex` varchar(7) NOT NULL,
  `registered_at` datetime DEFAULT NULL,
  `sta_state` varchar(30) NOT NULL,
  `sta_city` varchar(20) NOT NULL,
  `sta_grade_level` varchar(50) NOT NULL,
  `sta_job_title` varchar(50) NOT NULL
) ENGINE=InnoDB DEFAULT CHARSET=latin1;

--
-- Dumping data for table `staff`
--

INSERT INTO `staff` (`sta_id`, `sta_number`, `sta_fname`, `sta_lname`, `sta_dept`, `sta_org`, `sta_email`, `sta_phone`, `sta_sex`, `registered_at`, `sta_state`, `sta_city`, `sta_grade_level`, `sta_job_title`) VALUES
(1, '0582', 'SAMUEL', 'GEORGE', 8, 2, 'sweetbabyrozy@yahoo.com', '', 'Male', '2018-06-03 07:27:12', 'Abuja', '', '', ''),
(2, '0856', 'JULIA ', 'ROBERTS', 8, 2, 'oesroconsult@gmail.com', '08033916831', '', '0000-00-00 00:00:00', 'Abuja', '', '', ''),
(3, '0875', 'MICHEAL', 'SCHUMAKCER', 1, 2, 'oesroconsult@gmail.com', '08054572452', 'Male', '0000-00-00 00:00:00', 'Abuja', '', '', ''),
(5, '2342', 'RACHEAL', 'WHITE', 1, 2, 'oesroconsult@gmail.com', '08054572452', '', '0000-00-00 00:00:00', 'Abuja', '', '', ''),
(6, '3334', 'Ojo', 'John', 3, 8, '', '080234556', 'Male', '0000-00-00 00:00:00', 'Abuja', 'Gwags', '13', 'SENIOR MARKETER'),
(7, '2567', 'Cleo', 'White', 3, 8, 'sweetbabyrozy@yahoo.com', '080234556', 'Male', '0000-00-00 00:00:00', 'Abuja', 'Gwags', '', ''),
(8, '34445', 'Blessing', 'Caleb', 3, 8, 'oesroconsult@gmail.com', '0891223456', 'Female', '0000-00-00 00:00:00', 'Abuja', '', '', ''),
(9, '34457', 'Felix', 'O', 3, 8, 'oesroconsult@gmail.com', '0891223456', 'Male', '0000-00-00 00:00:00', 'Abuja', '', '', ''),
(11, '3456', 'James', 'Echie', 2, 8, 'oesroconsult@gmail.com', '0891223456', 'Male', '0000-00-00 00:00:00', 'Abia', 'Ok', '', ''),
(12, '3456', 'Faith', 'Olka', 2, 8, 'oesroconsult@gmail.com', '0891223456', 'Female', '0000-00-00 00:00:00', 'Abia', 'Ok', '', ''),
(14, '789', 'Gordon', 'o', 4, 8, 'oesroconsult@gmail.com', '08025652585', 'Male', '0000-00-00 00:00:00', 'Sokoto', '', '', ''),
(15, '543', 'john', 'olutu', 4, 8, 'oesroconsult@yahoo.com', '08056235289', 'Male', '0000-00-00 00:00:00', 'Sokoto', '', '', ''),
(16, '01', 'Caleb', 'Ackonjo', 5, 7, 'calebarrey@gmail.com', '09099292992', 'Male', '0000-00-00 00:00:00', 'Abuja', 'Gwarinpa', '', ''),
(17, '02', 'Adzer', 'James', 6, 7, 'jamestyoker@gmail.com', '', 'Male', '0000-00-00 00:00:00', 'Abuja', 'Gwarinpa', '', ''),
(18, '03', 'Faith', 'Abiti', 6, 7, 'faithabiti@gmail.com', '', 'Female', '0000-00-00 00:00:00', 'Abuja', 'Gwarinpa', '', ''),
(20, '00', 'Emiola', 'Adetunji Mustapha', 5, 7, 'emmiechristie2@gmail.com', '08030827888', 'Female', '0000-00-00 00:00:00', 'Abuja', 'Gwarinpa', '', ''),
(21, '1234567890', 'Peter', 'Frank', 7, 8, 'emiheskey@gmail.com', '08012345678', 'Male', '0000-00-00 00:00:00', 'Abuja', 'Abuja', '12', 'Price manager'),
(22, '12980087656', 'Dimgba', 'Kalu', 7, 8, 'dkdimgba@gmail.com', '08234534524', 'Male', '0000-00-00 00:00:00', 'Abuja', 'Abuja', '13', 'Supervisor'),
(23, '325', 'John ', 'Thomas', 0, 14, 'fridayokpoto29@gmail.com', '08033916831', 'Male', '0000-00-00 00:00:00', 'Abuja', 'Gwarinpa', '', 'Marketer'),
(24, '245', 'Tony ', 'Orji', 13, 14, 'fridayokpoto29@gmail.com', '08036086824', 'Male', '0000-00-00 00:00:00', 'Abuja', 'wuse', '', 'Marketer'),
(25, '045', 'Julian', 'Fabian', 13, 14, 'oesroconsult@gmail.com', '08033916831', 'Male', '0000-00-00 00:00:00', 'Abuja', 'wuse', '', 'Marketer'),
(26, '235', 'Francis', 'Duru', 17, 14, 'sammylove20@yahoo.com', '08033916831', 'Male', '0000-00-00 00:00:00', 'Abuja', 'wuse', '', 'Loan Recovery Officer'),
(27, '256', 'Uju', 'James', 16, 14, 'ogorotomkey@gmail.com', '08033916831', 'Male', '0000-00-00 00:00:00', 'Abuja', 'wuse', '', 'Internal Control Officer'),
(28, '234', 'Henry ', 'Ford', 14, 14, 'oesroconsult@gmail.com', '08033916831', 'Male', '0000-00-00 00:00:00', 'Abuja', 'wuse', '', 'Front Desk Officer'),
(29, '234', 'JULIE', 'BRIGHT', 19, 12, 'sammylove20@yahoo.com', '08033916831', 'Male', '0000-00-00 00:00:00', 'Abuja', 'WUSE', '', 'SINGER'),
(30, '234', 'DAN', 'BRIGHT', 19, 12, 'samueloeghieye@yahoo.com', '08030827888', 'Male', '0000-00-00 00:00:00', 'Abuja', 'WUSE', '', 'SINGER'),
(31, '123', 'GIDEON', 'FRANK', 20, 12, 'oesroconsult@gmail.com', '08054572452', 'Male', '0000-00-00 00:00:00', 'Abuja', 'wuse', '', 'HEAD USHER'),
(32, '143', 'OSAS ', 'JAMES', 20, 12, 'OGOROTOMKEY@GMAIL.COM', '08036086824', 'Male', '0000-00-00 00:00:00', 'Abuja', 'wuse', '', 'HEAD USHER'),
(33, '143', 'LISSA', 'PETER', 21, 12, 'fridayokpoto29@gmail.com', '08036086824', 'Female', '0000-00-00 00:00:00', 'Abuja', 'wuse', '', 'GREETER'),
(34, '345', 'JOHN', 'JAMES', 21, 12, 'fridayokpoto29@gmail.com', '08054572452', 'Male', '0000-00-00 00:00:00', 'Abuja', 'wuse', '', 'GREETER'),
(35, '01', 'EMMANUEL', 'ATABA', 18, 12, 'eghieyesamuel@gmail.com', '08054572452', 'Male', '0000-00-00 00:00:00', 'Abuja', 'wuse', '', 'SENIOR PASTOR'),
(36, '134', 'EVANS', 'BOBBY', 25, 12, 'oesroconsult@gmail.com', '08054572452', 'Male', '0000-00-00 00:00:00', 'Abuja', 'wuse', '', 'EXECUTIVE ASSISTANT'),
(37, '1230', 'JONATHAN ', 'GOODLUCK', 30, 12, 'sammylove20@yahoo.com', '08054572452', 'Male', '0000-00-00 00:00:00', 'Abuja', 'wuse', '', 'ENVANGELIST'),
(38, '567', 'LIZ', 'BENSON', 30, 12, 'OGOROTOMKEY@GMAIL.COM', '08054572452', 'Female', '0000-00-00 00:00:00', 'Abuja', 'wuse', '', 'ENVANGELIST'),
(39, '1234', 'CHICO ', 'EJIRO', 18, 12, 'OGOROTOMKEY@GMAIL.COM', '08054572452', 'Male', '0000-00-00 00:00:00', 'Abuja', 'wuse', '', 'ASSISTANT PASTOR'),
(40, '01', 'PST DR EZIMENA ', 'UCHENUNU', 33, 11, 'pstezimenauchenunu@gmail.com', '08130650856', 'Male', '0000-00-00 00:00:00', 'Abuja', 'kpeyegi', '', 'SENIOR PASTOR'),
(41, '07', 'UNUIGBOKHAI A', 'MICHEAL', 34, 11, 'uigokhaimicheal@gmail.com', '', 'Male', '0000-00-00 00:00:00', 'Abuja', 'kpeyegi', '', 'usher'),
(42, '08', 'INNOCENT', 'JESSICA IFEOMA', 38, 11, 'jessicainnocent2017@gmail.com', '08135812409', 'Female', '0000-00-00 00:00:00', 'Abia', 'kpeyegi', '', 'church secretary'),
(43, '09', 'JENNIFER', 'C FRANCIS', 33, 11, 'jcfdeduchesofafrica87@gmail.com', '07063394561', 'Male', '0000-00-00 00:00:00', 'Abuja', 'kpeyegi', '', 'COUNSELLOR'),
(44, '11', 'Godwin', 'Danjuma', 36, 11, 'Danjuma_Godwin@yahoo.com', '08032143250', 'Male', '0000-00-00 00:00:00', 'Abuja', '', '', 'ADMINISTRATOR'),
(45, '12', 'JAMES', 'ANCHE DANJUMA', 35, 11, 'jamesache148@gmail.com', '08154172215', 'Male', '0000-00-00 00:00:00', 'Abuja', 'kpeyegi', '', 'choir member'),
(46, '13', 'CHRISTAIN', 'CHIMA', 33, 11, 'Christainkchima4u@yahoo.com', '08064030274', 'Male', '0000-00-00 00:00:00', 'Abuja', 'kpeyegi', '', 'EVANGELIST'),
(47, '15', 'MBAERI', 'BENEFIT', 35, 11, 'mbaeribenefit@gmail.com', '08135688310', 'Female', '0000-00-00 00:00:00', 'Abuja', 'kpeyegi', '', 'choir member'),
(48, '16', 'MIKE', 'OREJETOR', 33, 11, 'm.u.oreji@gmail.com', '08055339365', 'Male', '0000-00-00 00:00:00', 'Abuja', 'kpeyegi', '', 'ELDER'),
(49, '19', 'ISAIAH', 'M.D.OKIO', 33, 11, 'mmasokio@gmail.com', '08064380522', 'Male', '0000-00-00 00:00:00', 'Abuja', 'kpeyegi', '', 'PASTOR'),
(50, '234', 'luka', 'thomas', 14, 14, 'eghieyesamuel@gmail.com', '08030827888', 'Male', '0000-00-00 00:00:00', 'Abuja', 'k', '', 'Internal Control Officer');

-- --------------------------------------------------------

--
-- Table structure for table `staff_supervisor`
--

CREATE TABLE `staff_supervisor` (
  `id` int(10) NOT NULL,
  `supervisor` int(10) NOT NULL,
  `type` varchar(15) NOT NULL,
  `type_value` int(10) NOT NULL,
  `registered_at` varchar(50) NOT NULL,
  `status` varchar(10) NOT NULL
) ENGINE=InnoDB DEFAULT CHARSET=latin1;

--
-- Dumping data for table `staff_supervisor`
--

INSERT INTO `staff_supervisor` (`id`, `supervisor`, `type`, `type_value`, `registered_at`, `status`) VALUES
(1, 50, 'staff', 26, '1519120085', ''),
(2, 50, 'staff', 1, '1528076255', '1'),
(3, 22, 'unit', 1, '1528077005', '1'),
(4, 24, 'department', 8, '1528077074', '1'),
(5, 20, 'project', 1, '1528077202', '1');

-- --------------------------------------------------------

--
-- Table structure for table `staff_unit`
--

CREATE TABLE `staff_unit` (
  `id` int(10) NOT NULL,
  `staff` int(10) NOT NULL,
  `unit` int(10) NOT NULL,
  `unit_dept` int(11) NOT NULL,
  `unit_org` int(11) NOT NULL,
  `linkperson` varchar(11) NOT NULL,
  `registered_at` datetime NOT NULL,
  `status` varchar(10) NOT NULL
) ENGINE=InnoDB DEFAULT CHARSET=latin1;

--
-- Dumping data for table `staff_unit`
--

INSERT INTO `staff_unit` (`id`, `staff`, `unit`, `unit_dept`, `unit_org`, `linkperson`, `registered_at`, `status`) VALUES
(1, 8, 1, 0, 0, '1', '2017-08-12 11:16:21', ''),
(2, 7, 1, 0, 0, 'no', '2017-08-12 11:17:19', ''),
(3, 24, 4, 0, 0, '1', '2018-05-28 10:49:11', ''),
(8, 3, 6, 0, 0, 'no', '2018-06-04 03:26:09', '1'),
(10, 5, 8, 0, 2, 'no', '2018-06-04 04:42:19', '1'),
(11, 3, 8, 0, 2, 'no', '2018-06-04 05:03:56', '1'),
(12, 1, 8, 0, 2, 'no', '2018-06-04 05:03:56', '1');

-- --------------------------------------------------------

--
-- Table structure for table `supervisors`
--

CREATE TABLE `supervisors` (
  `supervisor_id` int(11) NOT NULL,
  `supervisor_staff_id` int(11) NOT NULL,
  `date` varchar(50) NOT NULL,
  `supervisor_org` int(11) NOT NULL
) ENGINE=InnoDB DEFAULT CHARSET=latin1;

--
-- Dumping data for table `supervisors`
--

INSERT INTO `supervisors` (`supervisor_id`, `supervisor_staff_id`, `date`, `supervisor_org`) VALUES
(4, 20, '1509453898', 7),
(11, 24, '1518598738', 8),
(13, 22, '1519081070', 8),
(14, 22, '1519081108', 0),
(15, 50, '1519120042', 0),
(21, 2, '1528073906', 2);

-- --------------------------------------------------------

--
-- Table structure for table `unit`
--

CREATE TABLE `unit` (
  `uni_id` int(11) NOT NULL,
  `uni_name` varchar(200) NOT NULL,
  `uni_dept` int(7) NOT NULL,
  `uni_org` int(8) NOT NULL,
  `uni_discrip` text NOT NULL,
  `registered_at` datetime NOT NULL,
  `org_id` int(11) NOT NULL
) ENGINE=InnoDB DEFAULT CHARSET=latin1;

--
-- Dumping data for table `unit`
--

INSERT INTO `unit` (`uni_id`, `uni_name`, `uni_dept`, `uni_org`, `uni_discrip`, `registered_at`, `org_id`) VALUES
(1, 'Bungalow sales', 3, 8, '', '2017-08-12 11:12:30', 0),
(2, 'Training', 2, 8, '', '2017-08-12 11:12:49', 0),
(3, 'Price', 7, 8, 'Productivity Prices and Incomes', '2017-12-13 10:07:11', 0),
(4, 'operations', 16, 14, '', '2018-05-28 10:47:39', 0);

--
-- Indexes for dumped tables
--

--
-- Indexes for table `app_admin`
--
ALTER TABLE `app_admin`
  ADD PRIMARY KEY (`ad_id`);

--
-- Indexes for table `area`
--
ALTER TABLE `area`
  ADD PRIMARY KEY (`area_id`);

--
-- Indexes for table `assessment`
--
ALTER TABLE `assessment`
  ADD PRIMARY KEY (`ass_id`);

--
-- Indexes for table `assessment_params`
--
ALTER TABLE `assessment_params`
  ADD PRIMARY KEY (`asp_id`);

--
-- Indexes for table `assessment_params_category`
--
ALTER TABLE `assessment_params_category`
  ADD PRIMARY KEY (`aspcat_id`);

--
-- Indexes for table `assessment_result`
--
ALTER TABLE `assessment_result`
  ADD PRIMARY KEY (`result_id`);

--
-- Indexes for table `assessment_supervisor`
--
ALTER TABLE `assessment_supervisor`
  ADD PRIMARY KEY (`ass_id`);

--
-- Indexes for table `assessment_type`
--
ALTER TABLE `assessment_type`
  ADD PRIMARY KEY (`astyp_id`);

--
-- Indexes for table `department`
--
ALTER TABLE `department`
  ADD PRIMARY KEY (`dept_id`);

--
-- Indexes for table `hours_worked`
--
ALTER TABLE `hours_worked`
  ADD PRIMARY KEY (`id`);

--
-- Indexes for table `hours_worked_supervisor`
--
ALTER TABLE `hours_worked_supervisor`
  ADD PRIMARY KEY (`id`);

--
-- Indexes for table `kpi`
--
ALTER TABLE `kpi`
  ADD PRIMARY KEY (`kpi_id`);

--
-- Indexes for table `organization`
--
ALTER TABLE `organization`
  ADD PRIMARY KEY (`org_id`);

--
-- Indexes for table `organization_admin`
--
ALTER TABLE `organization_admin`
  ADD PRIMARY KEY (`user_id`);

--
-- Indexes for table `organization_category`
--
ALTER TABLE `organization_category`
  ADD PRIMARY KEY (`cat_id`);

--
-- Indexes for table `personality`
--
ALTER TABLE `personality`
  ADD PRIMARY KEY (`id`);

--
-- Indexes for table `project`
--
ALTER TABLE `project`
  ADD PRIMARY KEY (`project_id`);

--
-- Indexes for table `staff`
--
ALTER TABLE `staff`
  ADD PRIMARY KEY (`sta_id`);

--
-- Indexes for table `staff_supervisor`
--
ALTER TABLE `staff_supervisor`
  ADD PRIMARY KEY (`id`);

--
-- Indexes for table `staff_unit`
--
ALTER TABLE `staff_unit`
  ADD PRIMARY KEY (`id`);

--
-- Indexes for table `supervisors`
--
ALTER TABLE `supervisors`
  ADD PRIMARY KEY (`supervisor_id`);

--
-- Indexes for table `unit`
--
ALTER TABLE `unit`
  ADD PRIMARY KEY (`uni_id`);

--
-- AUTO_INCREMENT for dumped tables
--

--
-- AUTO_INCREMENT for table `app_admin`
--
ALTER TABLE `app_admin`
  MODIFY `ad_id` tinyint(3) NOT NULL AUTO_INCREMENT, AUTO_INCREMENT=4;

--
-- AUTO_INCREMENT for table `area`
--
ALTER TABLE `area`
  MODIFY `area_id` int(5) NOT NULL AUTO_INCREMENT, AUTO_INCREMENT=17;

--
-- AUTO_INCREMENT for table `assessment`
--
ALTER TABLE `assessment`
  MODIFY `ass_id` int(10) NOT NULL AUTO_INCREMENT, AUTO_INCREMENT=79;

--
-- AUTO_INCREMENT for table `assessment_params`
--
ALTER TABLE `assessment_params`
  MODIFY `asp_id` int(8) NOT NULL AUTO_INCREMENT, AUTO_INCREMENT=48;

--
-- AUTO_INCREMENT for table `assessment_params_category`
--
ALTER TABLE `assessment_params_category`
  MODIFY `aspcat_id` int(8) NOT NULL AUTO_INCREMENT, AUTO_INCREMENT=60;

--
-- AUTO_INCREMENT for table `assessment_result`
--
ALTER TABLE `assessment_result`
  MODIFY `result_id` int(11) NOT NULL AUTO_INCREMENT, AUTO_INCREMENT=37;

--
-- AUTO_INCREMENT for table `assessment_supervisor`
--
ALTER TABLE `assessment_supervisor`
  MODIFY `ass_id` int(10) NOT NULL AUTO_INCREMENT, AUTO_INCREMENT=171;

--
-- AUTO_INCREMENT for table `assessment_type`
--
ALTER TABLE `assessment_type`
  MODIFY `astyp_id` int(6) NOT NULL AUTO_INCREMENT, AUTO_INCREMENT=31;

--
-- AUTO_INCREMENT for table `department`
--
ALTER TABLE `department`
  MODIFY `dept_id` int(11) NOT NULL AUTO_INCREMENT, AUTO_INCREMENT=39;

--
-- AUTO_INCREMENT for table `hours_worked`
--
ALTER TABLE `hours_worked`
  MODIFY `id` int(10) NOT NULL AUTO_INCREMENT;

--
-- AUTO_INCREMENT for table `hours_worked_supervisor`
--
ALTER TABLE `hours_worked_supervisor`
  MODIFY `id` int(10) NOT NULL AUTO_INCREMENT, AUTO_INCREMENT=171;

--
-- AUTO_INCREMENT for table `kpi`
--
ALTER TABLE `kpi`
  MODIFY `kpi_id` int(6) NOT NULL AUTO_INCREMENT, AUTO_INCREMENT=54;

--
-- AUTO_INCREMENT for table `organization`
--
ALTER TABLE `organization`
  MODIFY `org_id` int(11) NOT NULL AUTO_INCREMENT, AUTO_INCREMENT=15;

--
-- AUTO_INCREMENT for table `organization_admin`
--
ALTER TABLE `organization_admin`
  MODIFY `user_id` tinyint(3) NOT NULL AUTO_INCREMENT, AUTO_INCREMENT=9;

--
-- AUTO_INCREMENT for table `organization_category`
--
ALTER TABLE `organization_category`
  MODIFY `cat_id` int(4) NOT NULL AUTO_INCREMENT, AUTO_INCREMENT=8;

--
-- AUTO_INCREMENT for table `personality`
--
ALTER TABLE `personality`
  MODIFY `id` int(11) NOT NULL AUTO_INCREMENT;

--
-- AUTO_INCREMENT for table `project`
--
ALTER TABLE `project`
  MODIFY `project_id` int(11) NOT NULL AUTO_INCREMENT, AUTO_INCREMENT=3;

--
-- AUTO_INCREMENT for table `staff`
--
ALTER TABLE `staff`
  MODIFY `sta_id` int(11) NOT NULL AUTO_INCREMENT, AUTO_INCREMENT=51;

--
-- AUTO_INCREMENT for table `staff_supervisor`
--
ALTER TABLE `staff_supervisor`
  MODIFY `id` int(10) NOT NULL AUTO_INCREMENT, AUTO_INCREMENT=6;

--
-- AUTO_INCREMENT for table `staff_unit`
--
ALTER TABLE `staff_unit`
  MODIFY `id` int(10) NOT NULL AUTO_INCREMENT, AUTO_INCREMENT=13;

--
-- AUTO_INCREMENT for table `supervisors`
--
ALTER TABLE `supervisors`
  MODIFY `supervisor_id` int(11) NOT NULL AUTO_INCREMENT, AUTO_INCREMENT=22;

--
-- AUTO_INCREMENT for table `unit`
--
ALTER TABLE `unit`
  MODIFY `uni_id` int(11) NOT NULL AUTO_INCREMENT, AUTO_INCREMENT=5;
COMMIT;

/*!40101 SET CHARACTER_SET_CLIENT=@OLD_CHARACTER_SET_CLIENT */;
/*!40101 SET CHARACTER_SET_RESULTS=@OLD_CHARACTER_SET_RESULTS */;
/*!40101 SET COLLATION_CONNECTION=@OLD_COLLATION_CONNECTION */;
